Wk,Day,Date,Home,xG,Score,xG.1,Away,Venue,Referee,home_goals,away_goals,result,home_rolling_avg_goals,away_rolling_avg_goals,home_rolling_avg_xG,away_rolling_avg_xG
1,Sat,2020-09-05,Aston Villa,0.9,0–2,2.8,Manchester City,Villa Park,Abigail Bryne,0.0,2.0,Away win,0.0,0.0,0.0,0.0
1,Sun,2020-09-06,Arsenal,4.0,6–1,1.0,Reading,Meadow Park,Amy Fearn,6.0,1.0,Home win,0.0,0.0,0.0,0.0
1,Sun,2020-09-06,Tottenham,0.7,1–1,1.1,West Ham,The Hive Stadium,Kirsty Dowle,1.0,1.0,Draw,0.0,0.0,0.0,0.0
1,Sun,2020-09-06,Brighton,1.2,2–0,0.2,Birmingham City,The People’s Pension Stadium,Rob Whitton,2.0,0.0,Home win,0.0,0.0,0.0,0.0
1,Sun,2020-09-06,Bristol City,0.8,0–4,3.2,Everton,Twerton Park Stadium,Scott Jackson,0.0,4.0,Away win,0.0,0.0,0.0,0.0
1,Sun,2020-09-06,Manchester Utd,1.4,1–1,3.2,Chelsea,Leigh Sports Village Stadium,Rebecca Welch,1.0,1.0,Draw,0.0,0.0,0.0,0.0
2,Sat,2020-09-12,West Ham,0.1,1–9,3.7,Arsenal,Chigwell Construction Stadium,Abigail Bryne,1.0,9.0,Away win,0.0,0.0,0.0,0.0
2,Sun,2020-09-13,Chelsea,6.6,9–0,0.1,Bristol City,Cherry Red Records Fans Stadium,Stacey Pearson,9.0,0.0,Home win,0.0,0.0,0.0,0.0
2,Sun,2020-09-13,Everton,1.3,1–0,0.4,Tottenham,Walton Hall Park,Robert Massey Ellis,1.0,0.0,Home win,0.0,0.0,0.0,0.0
2,Sun,2020-09-13,Birmingham City,0.3,2–5,2.5,Manchester Utd,SportNation.bet Stadium,Lucy Oliver,2.0,5.0,Away win,0.0,0.0,0.0,0.0
2,Sun,2020-09-13,Reading,3.6,3–1,1.2,Aston Villa,Madejski Stadium,Emily Heaslip,3.0,1.0,Home win,0.0,0.0,0.0,0.0
2,Sun,2020-09-13,Manchester City,2.0,0–0,0.3,Brighton,Academy Stadium,Helen Conley,0.0,0.0,Draw,0.0,0.0,0.0,0.0
3,Sat,2020-10-03,Aston Villa,0.8,0–6,2.4,Everton,The Bankss Stadium,Kirsty Dowle,0.0,6.0,Away win,0.0,4.0,0.9,3.2
3,Sun,2020-10-04,Manchester Utd,4.5,3–0,0.5,Brighton,Leigh Sports Village Stadium,Elliot Swallow,3.0,0.0,Home win,1.0,0.0,1.4,0.3
3,Sun,2020-10-04,Manchester City,2.8,4–1,0.2,Tottenham,Academy Stadium,Stacey Pearson,4.0,1.0,Home win,0.0,0.0,2.0,0.4
3,Sun,2020-10-04,Arsenal,3.2,3–1,0.1,Bristol City,Meadow Park,Jack Packman,3.0,1.0,Home win,6.0,0.0,4.0,0.1
3,Sun,2020-10-04,Birmingham City,0.1,0–1,1.3,Chelsea,SportNation.bet Stadium,Abigail Bryne,0.0,1.0,Away win,2.0,1.0,0.3,3.2
3,Sun,2020-10-04,West Ham,1.4,0–1,1.3,Reading,Chigwell Construction Stadium,Rob Whitton,0.0,1.0,Away win,1.0,1.0,0.1,1.0
4,Sat,2020-10-10,Tottenham,0.2,0–1,1.6,Manchester Utd,The Hive Stadium,Amy Fearn,0.0,1.0,Away win,1.0,5.0,0.7,2.5
4,Sun,2020-10-11,Brighton,0.6,0–5,2.3,Arsenal,The People’s Pension Stadium,Kirsty Dowle,0.0,5.0,Away win,2.0,9.0,1.2,3.7
4,Sun,2020-10-11,Everton,2.2,3–1,0.7,West Ham,Walton Hall Park,Edward Duckworth,3.0,1.0,Home win,1.0,1.0,1.3,1.1
4,Sun,2020-10-11,Reading,1.6,0–1,0.5,Birmingham City,Madejski Stadium,Sarah Garratt,0.0,1.0,Away win,3.0,0.0,3.6,0.2
4,Sun,2020-10-11,Chelsea,2.7,3–1,1.2,Manchester City,Cherry Red Records Fans Stadium,Rebecca Welch,3.0,1.0,Home win,9.0,2.0,6.6,2.8
5,Sun,2020-10-18,West Ham,0.4,2–4,3.4,Manchester Utd,Chigwell Construction Stadium,Ryan Atkin,2.0,4.0,Away win,0.5,3.0,0.75,2.05
5,Sun,2020-10-18,Everton,1.7,2–2,0.8,Brighton,Walton Hall Park,Lucy Oliver,2.0,2.0,Draw,2.0,0.0,1.75,0.4
5,Sun,2020-10-18,Reading,0.2,1–1,1.8,Manchester City,Madejski Stadium,Savvas Yianni,1.0,1.0,Draw,1.5,1.5,2.6,2.0
5,Sun,2020-10-18,Bristol City,0.4,0–4,2.1,Birmingham City,Twerton Park Stadium,Helen Conley,0.0,4.0,Away win,0.0,0.5,0.8,0.35
5,Sun,2020-10-18,Arsenal,2.8,6–1,1.2,Tottenham,Meadow Park,Abigail Bryne,6.0,1.0,Home win,4.5,0.5,3.6,0.30000000000000004
6,Sat,2020-11-07,Tottenham,0.8,1–1,1.6,Reading,The Hive Stadium,Helen Conley,1.0,1.0,Draw,0.5,1.0,0.44999999999999996,1.15
6,Sat,2020-11-07,Manchester City,4.4,8–1,0.5,Bristol City,Academy Stadium,Christiana Hattersley,8.0,1.0,Home win,2.0,0.5,2.4,0.1
6,Sun,2020-11-08,Chelsea,2.0,4–0,0.7,Everton,Cherry Red Records Fans Stadium,Abigail Bryne,4.0,0.0,Home win,6.0,5.0,4.65,2.8
6,Sun,2020-11-08,Birmingham City,0.7,1–2,0.9,West Ham,SportNation.bet Stadium,Richie Watkins,1.0,2.0,Away win,1.0,1.0,0.2,0.9
6,Sun,2020-11-08,Brighton,0.5,0–2,0.7,Aston Villa,The People’s Pension Stadium,Stacey Pearson,0.0,2.0,Away win,1.0,1.0,0.8999999999999999,1.2
6,Sun,2020-11-08,Manchester Utd,1.4,1–0,0.5,Arsenal,Leigh Sports Village Stadium,Peter Shacklady,1.0,0.0,Home win,2.0,7.0,2.95,3.0
7,Sat,2020-11-14,Manchester Utd,1.2,2–2,1.7,Manchester City,Leigh Sports Village Stadium,Amy Fearn,2.0,2.0,Draw,1.6666666666666667,1.3333333333333333,2.4333333333333336,1.9333333333333333
7,Sat,2020-11-14,Aston Villa,0.7,0–1,0.9,Birmingham City,The Bankss Stadium,Rebecca Welch,0.0,1.0,Away win,0.0,1.6666666666666667,0.8500000000000001,0.9333333333333332
7,Sat,2020-11-14,Everton,1.5,1–1,0.3,Reading,Walton Hall Park,Emily Heaslip,1.0,1.0,Draw,2.0,1.0,1.7333333333333334,1.3
7,Sat,2020-11-14,Bristol City,1.5,2–2,0.8,Tottenham,Twerton Park Stadium,Lisa Benn,2.0,2.0,Draw,0.0,0.6666666666666666,0.6000000000000001,0.6
7,Sun,2020-11-15,West Ham,1.4,0–1,0.7,Brighton,Chigwell Construction Stadium,Abigail Bryne,0.0,1.0,Away win,1.0,0.6666666666666666,0.6333333333333333,0.5333333333333333
7,Sun,2020-11-15,Arsenal,1.5,1–1,1.0,Chelsea,Meadow Park,Kirsty Dowle,1.0,1.0,Draw,5.0,1.0,3.3333333333333335,2.25
8,Sat,2020-12-05,Aston Villa,0.8,0–2,1.9,Manchester Utd,The Bankss Stadium,Abigail Bryne,0.0,2.0,Away win,0.0,3.3333333333333335,0.7999999999999999,2.5
8,Sun,2020-12-06,Chelsea,3.3,3–2,1.1,West Ham,Cherry Red Records Fans Stadium,Rebecca Welch,3.0,2.0,Home win,5.333333333333333,1.3333333333333333,3.766666666666667,0.9
8,Sun,2020-12-06,Arsenal,3.6,3–0,0.1,Birmingham City,Meadow Park,Christiana Hattersley,3.0,0.0,Home win,4.0,1.5,2.875,0.925
8,Sun,2020-12-06,Tottenham,2.4,3–1,1.6,Brighton,The Hive Stadium,Emily Heaslip,3.0,1.0,Home win,0.6666666666666666,0.75,0.5666666666666667,0.575
8,Sun,2020-12-06,Reading,2.7,1–1,1.0,Bristol City,Madejski Stadium,Lucy Oliver,1.0,1.0,Draw,1.3333333333333333,0.6666666666666666,1.8,0.2333333333333333
8,Sun,2020-12-06,Everton,0.5,0–3,2.4,Manchester City,Walton Hall Park,Stacey Pearson,0.0,3.0,Away win,1.75,1.5,1.675,1.875
4,Wed,2020-12-09,Bristol City,0.5,0–4,1.6,Aston Villa,Twerton Park Stadium,Amy Fearn,0.0,4.0,Away win,0.6666666666666666,1.5,0.9,0.95
9,Sun,2020-12-13,Reading,0.5,1–2,1.9,Manchester Utd,Madejski Stadium,Helen Conley,1.0,2.0,Away win,1.25,3.0,2.0250000000000004,2.35
9,Sun,2020-12-13,Bristol City,0.4,0–4,2.0,West Ham,Twerton Park Stadium,Jane Simms,0.0,4.0,Away win,0.5,1.5,0.8,0.9500000000000001
9,Sun,2020-12-13,Brighton,0.1,0–1,0.7,Chelsea,The People’s Pension Stadium,Lisa Benn,0.0,1.0,Away win,0.6666666666666666,1.0,0.7666666666666666,1.8333333333333333
9,Sun,2020-12-13,Tottenham,1.8,3–1,0.5,Aston Villa,The Hive Stadium,Sarah Garratt,3.0,1.0,Home win,1.25,2.3333333333333335,1.025,1.1666666666666667
9,Sun,2020-12-13,Manchester City,1.8,2–1,0.1,Arsenal,Academy Stadium,Emily Heaslip,2.0,1.0,Home win,4.0,4.666666666666667,3.0666666666666664,2.1666666666666665
10,Sun,2020-12-20,Manchester Utd,1.8,6–1,0.9,Bristol City,Leigh Sports Village Stadium,Lisa Benn,6.0,1.0,Home win,1.75,0.75,2.125,0.425
10,Sun,2020-12-20,Arsenal,3.2,4–0,0.2,Everton,Meadow Park,Helen Conley,4.0,0.0,Home win,3.8,3.3333333333333335,3.02,2.1
10,Sun,2020-12-20,Brighton,1.6,1–3,0.9,Reading,The People’s Pension Stadium,Abigail Bryne,1.0,3.0,Away win,0.5,1.0,0.6,1.05
11,Sun,2021-01-10,Reading,0.2,0–5,1.8,Chelsea,Madejski Stadium,Abigail Bryne,0.0,5.0,Away win,1.2,1.0,1.7200000000000002,1.55
11,Sun,2021-01-10,Tottenham,0.0,0–0,0.0,Birmingham City,The Hive Stadium,Jane Simms,0.0,0.0,Draw,1.6,1.2,1.1800000000000002,0.76
12,Sun,2021-01-17,Manchester City,3.8,7–0,0.3,Aston Villa,Academy Stadium,Amy Fearn,7.0,0.0,Home win,3.5,2.0,2.75,1.0
12,Sun,2021-01-17,Everton,2.4,4–0,0.8,Bristol City,Walton Hall Park,Christiana Hattersley,4.0,0.0,Home win,1.4,0.8,1.44,0.52
12,Sun,2021-01-17,Reading,0.3,1–1,2.9,Arsenal,Madejski Stadium,Lisa Benn,1.0,1.0,Draw,0.6,3.75,1.0400000000000003,1.65
12,Sun,2021-01-17,Birmingham City,0.3,0–0,1.0,Brighton,SportNation.bet Stadium,Helen Conley,0.0,0.0,Draw,1.0,0.8,0.3666666666666667,0.78
12,Sun,2021-01-17,Chelsea,2.0,2–1,0.2,Manchester Utd,Cherry Red Records Fans Stadium,Rebecca Welch,2.0,1.0,Home win,4.75,2.8,3.65,2.2600000000000002
12,Sun,2021-01-17,West Ham,0.9,0–1,0.9,Tottenham,Chigwell Construction Stadium,Lucy Oliver,0.0,1.0,Away win,0.75,1.0,0.825,0.65
13,Sat,2021-01-23,Aston Villa,0.8,2–2,2.2,Reading,The Bankss Stadium,Kirsty Dowle,2.0,2.0,Draw,0.0,1.4,0.8,1.02
13,Sun,2021-01-24,Manchester Utd,3.1,2–0,0.0,Birmingham City,Leigh Sports Village Stadium,Stacey Pearson,2.0,0.0,Home win,2.6,1.2,2.06,0.72
13,Sun,2021-01-24,Brighton,0.2,1–7,4.2,Manchester City,The People’s Pension Stadium,Lisa Benn,1.0,7.0,Away win,0.6,1.8,0.8,1.9799999999999998
5,Wed,2021-01-27,Aston Villa,0.4,0–4,1.7,Chelsea,The Bankss Stadium,Helen Conley,0.0,4.0,Away win,0.4,1.8,0.8,1.6
11,Sat,2021-01-30,Bristol City,1.6,3–0,0.4,Brighton,Twerton Park Stadium,Lucy Oliver,3.0,0.0,Home win,0.4,0.8,0.72,0.9200000000000002
10,Sun,2021-01-31,Chelsea,2.5,4–0,0.5,Tottenham,Cherry Red Records Fans Stadium,Sarah Garratt,4.0,0.0,Home win,4.2,1.0,3.3200000000000003,0.7
11,Sun,2021-01-31,Manchester City,3.4,4–0,0.1,West Ham,Academy Stadium,Jane Simms,4.0,0.0,Home win,4.2,2.0,2.96,1.1600000000000001
11,Sun,2021-01-31,Everton,0.3,0–2,1.5,Manchester Utd,Walton Hall Park,Kirsty Dowle,0.0,2.0,Away win,2.0,2.0,1.6600000000000001,1.8
14,Sat,2021-02-06,Aston Villa,0.3,1–0,0.4,Tottenham,The Bankss Stadium,Jane Simms,1.0,0.0,Home win,0.4,1.0,0.7,0.72
14,Sun,2021-02-07,Manchester Utd,1.3,0–2,1.7,Reading,Leigh Sports Village Stadium,Edward Duckworth,0.0,2.0,Away win,2.8,1.6,2.4,1.2600000000000002
14,Sun,2021-02-07,Chelsea,2.0,1–2,0.8,Brighton,Cherry Red Records Fans Stadium,Christiana Hattersley,1.0,2.0,Away win,3.2,0.8,2.5,0.9
14,Sun,2021-02-07,Everton,0.8,1–1,1.1,Birmingham City,Walton Hall Park,Lisa Benn,1.0,1.0,Draw,1.4,1.0,1.2799999999999998,0.62
14,Sun,2021-02-07,Arsenal,0.6,1–2,1.9,Manchester City,Meadow Park,Kirsty Dowle,1.0,2.0,Away win,3.4,2.8,2.8600000000000003,2.2600000000000002
14,Sun,2021-02-07,West Ham,0.3,1–1,1.3,Bristol City,Chigwell Construction Stadium,Sarah Garratt,1.0,1.0,Draw,0.6,0.8,0.8400000000000001,0.6599999999999999
15,Wed,2021-02-10,Brighton,1.6,1–0,0.5,West Ham,The People’s Pension Stadium,Isaac Searle,1.0,0.0,Home win,0.4,1.8,0.6,0.9600000000000002
15,Wed,2021-02-10,Chelsea,1.2,3–0,0.9,Arsenal,Cherry Red Records Fans Stadium,Amy Fearn,3.0,0.0,Home win,2.8,3.2,2.3600000000000003,1.9
15,Fri,2021-02-12,Manchester City,1.3,3–0,0.5,Manchester Utd,Academy Stadium,Abigail Bryne,3.0,0.0,Home win,5.0,2.2,3.2399999999999998,1.78
15,Sun,2021-02-14,Reading,1.7,1–1,0.5,Everton,Madejski Stadium,Stacey Pearson,1.0,1.0,Draw,0.8,2.5,0.78,1.625
13,Sun,2021-02-14,Bristol City,0.1,0–5,3.4,Chelsea,Twerton Park Stadium,Emily Heaslip,0.0,5.0,Away win,1.0,2.4,0.8800000000000001,1.3
10,Sun,2021-02-28,Birmingham City,0.1,0–4,1.3,Manchester City,SportNation.bet Stadium,Helen Conley,0.0,4.0,Away win,0.75,3.0,0.35,2.4
11,Sun,2021-02-28,Aston Villa,0.3,0–4,2.6,Arsenal,The Bankss Stadium,Lisa Benn,0.0,4.0,Away win,0.6,1.4,0.6,1.34
13,Sun,2021-02-28,Tottenham,0.7,2–3,2.4,Everton,The Hive Stadium,Abigail Bryne,2.0,3.0,Away win,1.4,2.2,1.04,1.4
16,Sun,2021-03-07,Manchester Utd,1.0,3–0,0.0,Aston Villa,Leigh Sports Village Stadium,Helen Conley,3.0,0.0,Home win,2.2,1.6,1.7600000000000002,0.86
16,Sun,2021-03-07,Manchester City,1.2,1–0,0.1,Everton,Academy Stadium,Sarah Garratt,1.0,0.0,Home win,4.8,2.0,2.94,1.2399999999999998
16,Sun,2021-03-07,Brighton,0.4,2–0,1.2,Tottenham,The People’s Pension Stadium,Stacey Pearson,2.0,0.0,Home win,0.6,0.8,0.8,0.76
16,Sun,2021-03-07,Birmingham City,0.1,0–4,3.6,Arsenal,SportNation.bet Stadium,Jane Simms,0.0,4.0,Away win,0.6,1.2,0.3,1.4
16,Sun,2021-03-07,West Ham,0.5,0–2,2.9,Chelsea,Chigwell Construction Stadium,Rob Whitton,0.0,2.0,Away win,0.6,3.2,0.8800000000000001,1.72
16,Mon,2021-03-08,Bristol City,0.9,3–2,1.9,Reading,Twerton Park Stadium,Rebecca Welch,3.0,2.0,Home win,1.0,1.8,0.8200000000000001,1.34
9,Thu,2021-03-11,Birmingham City,0.3,0–4,1.1,Everton,SportNation.bet Stadium,Lisa Benn,0.0,4.0,Away win,0.2,0.8,0.25999999999999995,0.78
17,Sun,2021-03-14,Reading,0.9,0–0,0.8,Tottenham,Madejski Stadium,Christiana Hattersley,0.0,0.0,Draw,0.8,0.6,1.08,0.76
17,Wed,2021-03-17,Everton,0.5,0–3,3.4,Chelsea,Walton Hall Park,Emily Heaslip,0.0,3.0,Away win,1.2,3.4,1.1,2.1
17,Wed,2021-03-17,West Ham,1.3,2–2,1.1,Birmingham City,Chigwell Construction Stadium,Stacey Pearson,2.0,2.0,Draw,0.6,0.4,0.7,0.42000000000000004
17,Wed,2021-03-17,Aston Villa,0.8,0–2,1.7,Brighton,The Bankss Stadium,Rebecca Welch,0.0,2.0,Away win,0.6,0.8,0.52,0.9
17,Wed,2021-03-17,Bristol City,0.3,0–3,2.3,Manchester City,Twerton Park Stadium,Scott Jackson,0.0,3.0,Away win,1.2,3.6,0.7,2.3
17,Fri,2021-03-19,Arsenal,0.9,2–0,0.8,Manchester Utd,Meadow Park,Amy Fearn,2.0,0.0,Home win,3.0,1.4,2.3400000000000003,1.2
15,Sun,2021-03-21,Tottenham,1.5,1–1,0.5,Bristol City,The Hive Stadium,Jane Simms,1.0,1.0,Draw,1.8,0.8,1.14,0.9
18,Sat,2021-03-27,Manchester Utd,2.0,2–0,0.5,West Ham,Leigh Sports Village Stadium,Lisa Benn,2.0,0.0,Home win,2.6,1.6,1.6800000000000002,0.9200000000000002
18,Sat,2021-03-27,Tottenham,1.1,0–3,1.8,Arsenal,The Hive Stadium,Helen Conley,0.0,3.0,Away win,1.8,2.0,1.28,2.02
18,Sat,2021-03-27,Manchester City,2.3,1–0,0.2,Reading,Academy Stadium,Stacey Pearson,1.0,0.0,Home win,3.4,2.0,2.3,1.4
18,Sun,2021-03-28,Brighton,0.3,0–5,3.0,Everton,Twerton Park Stadium,Christiana Hattersley,0.0,5.0,Away win,1.0,1.6,0.78,0.8600000000000001
18,Sun,2021-03-28,Chelsea,1.1,2–0,0.0,Aston Villa,Cherry Red Records Fans Stadium,Sarah Garratt,2.0,0.0,Home win,2.6,1.4,2.2,0.6199999999999999
18,Sun,2021-03-28,Birmingham City,0.6,1–1,1.1,Bristol City,SportNation.bet Stadium,Kirsty Dowle,1.0,1.0,Draw,0.2,0.8,0.3,0.9
19,Sat,2021-04-03,Reading,0.5,0–5,2.2,West Ham,Madejski Stadium,Kirsty Dowle,0.0,5.0,Away win,0.6,1.2,0.72,0.8400000000000001
19,Sun,2021-04-04,Chelsea,3.2,6–0,0.4,Birmingham City,Cherry Red Records Fans Stadium,Jane Simms,6.0,0.0,Home win,2.4,0.6,1.7600000000000002,0.4600000000000001
19,Sun,2021-04-04,Everton,2.2,3–1,0.4,Aston Villa,Walton Hall Park,Stacey Pearson,3.0,1.0,Home win,1.0,1.0,0.9,0.48
19,Sun,2021-04-04,Bristol City,0.1,0–4,3.6,Arsenal,Twerton Park Stadium,Sarah Garratt,0.0,4.0,Away win,1.2,2.4,0.6599999999999999,2.3600000000000003
19,Sun,2021-04-04,Tottenham,0.1,0–3,1.7,Manchester City,The Hive Stadium,Amy Fearn,0.0,3.0,Away win,1.2,3.8,1.02,2.4200000000000004
19,Sun,2021-04-04,Brighton,1.2,1–0,1.2,Manchester Utd,The People’s Pension Stadium,Abigail Bryne,1.0,0.0,Home win,1.0,1.0,0.8200000000000001,0.9799999999999999
10,Tue,2021-04-20,West Ham,0.4,0–0,0.0,Aston Villa,Chigwell Construction Stadium,Amy Fearn,0.0,0.0,Draw,0.6,0.4,0.8800000000000001,0.24
20,Wed,2021-04-21,Manchester City,1.5,2–2,1.6,Chelsea,Academy Stadium,Rebecca Welch,2.0,2.0,Draw,3.2,3.8,2.4,2.64
20,Sat,2021-04-24,Aston Villa,1.2,2–2,0.5,Bristol City,The Bankss Stadium,Emily Heaslip,2.0,2.0,Draw,0.6,0.8,0.52,0.9199999999999999
20,Sun,2021-04-25,Manchester Utd,2.4,4–1,0.1,Tottenham,Leigh Sports Village Stadium,Christiana Hattersley,4.0,1.0,Home win,2.6,0.2,1.8400000000000003,0.76
20,Sun,2021-04-25,Arsenal,1.4,2–0,0.2,Brighton,Meadow Park,Lisa Benn,2.0,0.0,Home win,2.2,1.0,1.9600000000000002,1.1
20,Sun,2021-04-25,Birmingham City,1.2,1–1,0.7,Reading,SportNation.bet Stadium,Lucy May,1.0,1.0,Draw,0.2,1.8,0.27999999999999997,1.3800000000000001
20,Sun,2021-04-25,West Ham,1.7,0–0,1.1,Everton,Chigwell Construction Stadium,Helen Conley,0.0,0.0,Draw,0.6,2.6,0.6799999999999999,1.42
15,Wed,2021-04-28,Birmingham City,0.4,1–1,1.0,Aston Villa,SportNation.bet Stadium,Jane Simms,1.0,1.0,Draw,0.4,0.2,0.45999999999999996,0.13999999999999999
13,Wed,2021-04-28,Arsenal,1.9,2–0,0.3,West Ham,Meadow Park,Emily Heaslip,2.0,0.0,Home win,2.4,1.8,1.94,1.06
21,Sun,2021-05-02,Aston Villa,0.5,0–0,1.6,West Ham,The Bankss Stadium,Rebecca Welch,0.0,0.0,Draw,0.6,1.0,0.6,0.72
21,Sun,2021-05-02,Everton,0.4,1–2,1.9,Arsenal,Walton Hall Park,Sarah Garratt,1.0,2.0,Away win,1.6,3.0,1.2399999999999998,2.5
21,Sun,2021-05-02,Bristol City,1.0,0–1,2.1,Manchester Utd,Twerton Park Stadium,Lisa Benn,0.0,1.0,Away win,1.2,0.6,0.6,0.8400000000000001
21,Sun,2021-05-02,Reading,1.8,3–2,0.5,Brighton,Madejski Stadium,Jane Simms,3.0,2.0,Home win,0.4,0.8,0.72,0.8200000000000001
21,Sun,2021-05-02,Manchester City,3.8,4–0,0.0,Birmingham City,Academy Stadium,Emily Heaslip,4.0,0.0,Home win,2.2,0.6,1.94,0.52
21,Wed,2021-05-05,Tottenham,0.2,0–2,3.5,Chelsea,The Hive Stadium,Amy Fearn,0.0,2.0,Away win,0.6,3.2,0.6800000000000002,2.6
22,Sun,2021-05-09,Birmingham City,0.2,0–1,0.6,Tottenham,SportNation.bet Stadium,Lisa Benn,0.0,1.0,Away win,0.6,0.2,0.52,0.6
22,Sun,2021-05-09,Chelsea,2.4,5–0,0.3,Reading,Cherry Red Records Fans Stadium,Stacey Pearson,5.0,0.0,Home win,3.2,1.4,2.0,1.3399999999999999
22,Sun,2021-05-09,West Ham,0.5,0–1,4.7,Manchester City,Chigwell Construction Stadium,Kirsty Dowle,0.0,1.0,Away win,0.6,3.8,0.8400000000000001,2.2800000000000002
22,Sun,2021-05-09,Brighton,1.6,3–1,1.0,Bristol City,The People’s Pension Stadium,Amy Fearn,3.0,1.0,Home win,1.0,1.0,0.74,0.8400000000000001
22,Sun,2021-05-09,Manchester Utd,1.0,2–0,0.7,Everton,Leigh Sports Village Stadium,Louise Saunders,2.0,0.0,Home win,2.2,2.4,1.9600000000000002,1.54
22,Sun,2021-05-09,Arsenal,1.2,0–0,0.2,Aston Villa,Meadow Park,Abigail Bryne,0.0,0.0,Draw,2.2,0.4,1.6,0.27999999999999997
1,Fri,2021-09-03,Manchester Utd,1.6,2–0,0.2,Reading,Leigh Sports Village Stadium,Abigail Bryne,2.0,0.0,Home win,2.2,1.0,1.54,0.96
1,Sat,2021-09-04,Aston Villa,0.8,2–1,1.8,Leicester City,The Bankss Stadium,Helen Conley,2.0,1.0,Home win,0.6,0.0,0.6199999999999999,0.0
1,Sat,2021-09-04,Everton,0.9,0–4,1.3,Manchester City,Goodison Park,Kirsty Dowle,0.0,4.0,Away win,1.0,2.6,0.8400000000000001,2.38
1,Sat,2021-09-04,Tottenham,0.9,1–0,0.2,Birmingham City,Tottenham Hotspur Stadium,Lisa Benn,1.0,0.0,Home win,0.6,0.6,0.72,0.52
1,Sun,2021-09-05,Arsenal,1.5,3–2,1.5,Chelsea,Emirates Stadium,Rebecca Welch,3.0,2.0,Home win,1.4,2.8,1.1999999999999997,2.96
1,Sun,2021-09-05,Brighton,1.4,2–0,0.6,West Ham,The American Express Community Stadium,Emily Heaslip,2.0,0.0,Home win,1.4,1.0,1.02,1.02
2,Sat,2021-09-11,West Ham,1.3,1–1,1.2,Aston Villa,Chigwell Construction Stadium,Kirsty Dowle,1.0,1.0,Draw,0.4,0.4,0.8800000000000001,0.31999999999999995
2,Sun,2021-09-12,Chelsea,2.4,4–0,0.2,Everton,Cherry Red Records Fans Stadium,Amy Fearn,4.0,0.0,Home win,3.4,1.8,1.98,1.2000000000000002
2,Sun,2021-09-12,Reading,0.9,0–4,1.6,Arsenal,Select Car Leasing Stadium,Emily Heaslip,0.0,4.0,Away win,1.0,3.4,1.0399999999999998,2.7
2,Sun,2021-09-12,Birmingham City,0.9,0–5,2.2,Brighton,St Andrews Trillion Trophy Stadium,Lucy May,0.0,5.0,Away win,0.6,1.2,0.5399999999999999,0.7200000000000001
2,Sun,2021-09-12,Leicester City,0.7,1–3,2.4,Manchester Utd,King Power Stadium,Jane Simms,1.0,3.0,Away win,0.0,0.6,0.0,1.22
2,Sun,2021-09-12,Manchester City,2.0,1–2,0.5,Tottenham,Academy Stadium,Abigail Bryne,1.0,2.0,Away win,2.2,0.4,2.02,0.62
3,Sat,2021-09-25,Everton,1.0,3–1,0.2,Birmingham City,Walton Hall Park,Tom Reeves,3.0,1.0,Home win,1.0,0.6,0.9600000000000002,0.56
3,Sun,2021-09-26,Manchester Utd,1.1,1–6,3.3,Chelsea,Leigh Sports Village Stadium,Kirsty Dowle,1.0,6.0,Away win,2.6,2.2,1.6,2.58
3,Sun,2021-09-26,Tottenham,2.3,1–0,0.2,Reading,The Hive Stadium,Amy Fearn,1.0,0.0,Home win,0.4,0.6,0.7600000000000001,0.6599999999999999
3,Sun,2021-09-26,Brighton,0.4,0–1,0.8,Aston Villa,The People’s Pension Stadium,Lisa Benn,0.0,1.0,Away win,1.6,0.6,0.9800000000000001,0.5599999999999999
3,Sun,2021-09-26,West Ham,2.7,4–0,0.4,Leicester City,Chigwell Construction Stadium,Emily Heaslip,4.0,0.0,Home win,0.6,1.0,1.04,1.8
3,Sun,2021-09-26,Arsenal,2.8,5–0,0.5,Manchester City,Meadow Park,Jane Simms,5.0,0.0,Home win,1.8,3.0,1.38,2.2600000000000002
4,Sat,2021-10-02,Chelsea,1.9,3–1,0.3,Brighton,Cherry Red Records Fans Stadium,Amy Fearn,3.0,1.0,Home win,4.0,2.2,2.06,1.08
4,Sat,2021-10-02,Aston Villa,0.2,0–4,1.7,Arsenal,Villa Park,Emily Heaslip,0.0,4.0,Away win,0.8,3.4,0.72,2.5
4,Sun,2021-10-03,Leicester City,0.2,0–2,2.7,Tottenham,King Power Stadium,Abigail Bryne,0.0,2.0,Away win,1.0,0.8,0.7,0.64
4,Sun,2021-10-03,Manchester City,1.6,0–2,0.5,West Ham,Academy Stadium,Helen Conley,0.0,2.0,Away win,1.8,1.0,2.1599999999999997,1.04
4,Sun,2021-10-03,Reading,0.2,0–3,2.3,Everton,Select Car Leasing Stadium,Lucy May,0.0,3.0,Away win,0.8,1.8,1.16,1.2200000000000002
4,Sun,2021-10-03,Birmingham City,0.2,0–2,1.7,Manchester Utd,St Andrews Trillion Trophy Stadium,Lisa Benn,0.0,2.0,Away win,0.6,0.8,0.6599999999999999,1.4
5,Sat,2021-10-09,Manchester Utd,0.5,2–2,1.9,Manchester City,Leigh Sports Village Stadium,Rebecca Welch,2.0,2.0,Draw,2.2,2.2,1.6200000000000003,2.1000000000000005
5,Sun,2021-10-10,Chelsea,1.6,2–0,0.1,Leicester City,Cherry Red Records Fans Stadium,Lisa Benn,2.0,0.0,Home win,4.0,0.5,2.2,1.1
5,Sun,2021-10-10,Brighton,1.4,2–1,0.8,Tottenham,The People’s Pension Stadium,Kirsty Dowle,2.0,1.0,Home win,1.2,1.2,0.9799999999999999,0.9400000000000001
5,Sun,2021-10-10,Reading,0.4,3–0,0.6,Aston Villa,Select Car Leasing Stadium,Louise Saunders,3.0,0.0,Home win,0.6,0.6,0.86,0.64
5,Sun,2021-10-10,West Ham,0.5,1–1,1.3,Birmingham City,Chigwell Construction Stadium,Lucy May,1.0,1.0,Draw,1.0,0.6,1.32,0.38
5,Sun,2021-10-10,Arsenal,1.6,3–0,0.2,Everton,Meadow Park,Helen Conley,3.0,0.0,Home win,2.4,1.6,1.7600000000000002,1.4599999999999997
6,Sat,2021-11-06,Aston Villa,0.1,0–1,1.7,Chelsea,The Bankss Stadium,Abigail Bryne,0.0,1.0,Away win,0.8,3.0,0.7,2.66
6,Sat,2021-11-06,Everton,0.9,0–1,0.4,Brighton,Walton Hall Park,Lucy May,0.0,1.0,Away win,1.4,2.0,1.0,0.9800000000000001
6,Sun,2021-11-07,Tottenham,0.2,1–1,0.9,Manchester Utd,The Hive Stadium,Emily Heaslip,1.0,1.0,Draw,0.4,1.2,0.9200000000000002,1.64
6,Sun,2021-11-07,Birmingham City,0.1,0–3,2.3,Reading,St Andrews Trillion Trophy Stadium,Louise Saunders,0.0,3.0,Away win,0.4,0.2,0.5800000000000001,0.31999999999999995
6,Sun,2021-11-07,Leicester City,0.4,1–4,2.0,Manchester City,King Power Stadium,Helen Conley,1.0,4.0,Away win,0.5,2.0,0.44999999999999996,2.02
6,Sun,2021-11-07,Arsenal,2.6,4–0,0.4,West Ham,Meadow Park,Kirsty Dowle,4.0,0.0,Home win,2.6,1.4,1.8,1.04
7,Sat,2021-11-13,Tottenham,1.2,1–1,1.6,Arsenal,The Hive Stadium,Amy Fearn,1.0,1.0,Draw,0.6,3.4,0.7400000000000001,2.12
7,Sun,2021-11-14,Everton,1.0,1–1,1.1,Manchester Utd,Walton Hall Park,Louise Saunders,1.0,1.0,Draw,1.4,1.4,1.0799999999999998,1.6599999999999997
7,Sun,2021-11-14,Birmingham City,0.7,0–1,0.4,Aston Villa,St Andrews Trillion Trophy Stadium,Kirsty Dowle,0.0,1.0,Away win,0.2,0.6,0.36000000000000004,0.76
7,Sun,2021-11-14,Brighton,0.3,1–0,0.4,Leicester City,The People’s Pension Stadium,Ryan Atkin,1.0,0.0,Home win,1.6,0.3333333333333333,1.2,0.7666666666666667
7,Sun,2021-11-14,West Ham,1.4,2–2,0.3,Reading,Chigwell Construction Stadium,Emily Heaslip,2.0,2.0,Draw,1.2,0.8,1.34,0.74
7,Sun,2021-11-14,Manchester City,1.1,0–4,1.5,Chelsea,Academy Stadium,Rebecca Welch,0.0,4.0,Away win,1.6,2.6,2.2399999999999998,2.32
8,Sat,2021-11-20,Manchester City,2.2,5–0,0.0,Aston Villa,Academy Stadium,Abigail Bryne,5.0,0.0,Home win,1.4,0.6,2.0,0.64
8,Sun,2021-11-21,Manchester Utd,0.7,0–2,1.6,Arsenal,Leigh Sports Village Stadium,Emily Heaslip,0.0,2.0,Away win,2.2,3.0,1.32,2.08
8,Sun,2021-11-21,Leicester City,0.2,0–1,2.7,Everton,Pirelli Stadium,Lucy May,0.0,1.0,Away win,0.6666666666666666,0.6,0.43333333333333335,0.8999999999999998
8,Sun,2021-11-21,Chelsea,4.6,5–0,0.0,Birmingham City,Cherry Red Records Fans Stadium,Naguy Maertens,5.0,0.0,Home win,4.0,0.4,2.3,0.42000000000000004
8,Sun,2021-11-21,Reading,1.0,2–0,0.5,Brighton,Select Car Leasing Stadium,Helen Conley,2.0,0.0,Home win,1.2,1.8,0.76,0.7200000000000001
8,Sun,2021-11-21,West Ham,0.5,1–0,0.6,Tottenham,Chigwell Construction Stadium,Lisa Benn,1.0,0.0,Home win,1.6,1.4,1.28,0.9400000000000001
9,Sat,2021-12-11,Reading,0.2,1–0,1.7,Chelsea,Select Car Leasing Stadium,Louise Saunders,1.0,0.0,Home win,1.6,3.0,0.86,2.3
9,Sun,2021-12-12,Brighton,0.3,0–2,1.7,Manchester Utd,The People’s Pension Stadium,Abigail Bryne,0.0,2.0,Away win,1.6,1.6,1.02,1.64
9,Sun,2021-12-12,Everton,1.1,1–1,1.8,West Ham,Walton Hall Park,Lucy May,1.0,1.0,Draw,1.0,0.4,0.8400000000000001,0.68
9,Sun,2021-12-12,Birmingham City,1.8,2–3,2.4,Manchester City,St Andrews Trillion Trophy Stadium,Helen Conley,2.0,3.0,Away win,0.0,2.2,0.4200000000000001,2.0800000000000005
9,Sun,2021-12-12,Aston Villa,0.6,1–2,1.2,Tottenham,The Bankss Stadium,Kirsty Dowle,1.0,2.0,Away win,0.8,1.2,0.5599999999999999,1.04
9,Sun,2021-12-12,Arsenal,2.7,4–0,0.1,Leicester City,Meadow Park,Emily Heaslip,4.0,0.0,Home win,3.0,0.25,1.94,0.675
10,Sun,2021-12-19,Manchester Utd,2.2,5–0,0.5,Aston Villa,Leigh Sports Village Stadium,Rebecca Welch,5.0,0.0,Home win,1.4,0.6,0.9800000000000002,0.6
10,Sun,2021-12-19,Tottenham,0.4,1–0,0.7,Everton,The Hive Stadium,Naguy Maertens,1.0,0.0,Home win,0.8,0.8,0.9600000000000002,1.22
10,Sun,2021-12-19,Leicester City,0.7,2–0,0.9,Birmingham City,King Power Stadium,Lisa Benn,2.0,0.0,Home win,0.5,0.4,0.375,0.34
11,Sun,2022-01-09,Brighton,0.1,0–6,1.6,Manchester City,The People’s Pension Stadium,Emily Heaslip,0.0,6.0,Away win,1.0,2.6,0.76,1.6199999999999999
11,Sun,2022-01-09,Birmingham City,0.7,2–0,0.6,Arsenal,St Andrews Trillion Trophy Stadium,Lucy May,2.0,0.0,Home win,0.4,2.6,0.74,1.6800000000000002
11,Sun,2022-01-09,Reading,1.1,1–0,0.4,Leicester City,Select Car Leasing Stadium,Louise Saunders,1.0,0.0,Home win,1.2,0.2,0.54,0.56
12,Sat,2022-01-15,Manchester Utd,1.7,5–0,0.1,Birmingham City,Leigh Sports Village Stadium,Kirsty Dowle,5.0,0.0,Home win,2.0,0.4,1.2200000000000002,0.52
12,Sat,2022-01-15,Aston Villa,0.1,0–3,1.9,Manchester City,The Bankss Stadium,Louise Saunders,0.0,3.0,Away win,0.6,3.0,0.44000000000000006,1.6800000000000002
12,Sun,2022-01-16,Leicester City,0.4,1–0,0.2,Brighton,King Power Stadium,Abigail Bryne,1.0,0.0,Home win,0.8,1.8,0.44000000000000006,0.78
12,Sun,2022-01-16,Tottenham,1.6,1–1,0.2,West Ham,The Hive Stadium,Amy Fearn,1.0,1.0,Draw,1.0,0.6,1.0,0.9800000000000001
13,Sun,2022-01-23,Manchester Utd,0.8,3–0,0.8,Tottenham,Leigh Sports Village Stadium,Lucy May,3.0,0.0,Home win,2.6,1.4,1.2400000000000002,1.1600000000000001
13,Sun,2022-01-23,Brighton,0.1,0–0,1.8,Chelsea,The People’s Pension Stadium,Kirsty Dowle,0.0,0.0,Draw,0.6,2.6,0.5000000000000001,1.94
13,Sun,2022-01-23,Reading,1.5,3–2,0.7,Birmingham City,Select Car Leasing Stadium,Lisa Benn,3.0,2.0,Home win,1.4,0.4,0.5800000000000001,0.5
13,Sun,2022-01-23,Leicester City,0.4,1–2,0.6,Aston Villa,Pirelli Stadium,Naguy Maertens,1.0,2.0,Away win,0.8,0.4,0.38,0.45999999999999996
13,Sun,2022-01-23,West Ham,1.5,3–0,0.3,Everton,Chigwell Construction Stadium,Lauren Impey,3.0,0.0,Home win,1.8,0.8,1.28,1.22
13,Sun,2022-01-23,Manchester City,1.1,1–1,0.2,Arsenal,Academy Stadium,Abigail Bryne,1.0,1.0,Draw,2.0,2.2,2.1399999999999997,1.42
10,Wed,2022-01-26,Chelsea,1.5,2–0,0.0,West Ham,Cherry Red Records Fans Stadium,Ryan Atkin,2.0,0.0,Home win,3.8,0.8,2.5799999999999996,0.7
10,Thu,2022-01-27,Arsenal,1.1,2–1,0.1,Brighton,Meadow Park,Kirsty Dowle,2.0,1.0,Home win,3.8,1.4,2.2399999999999998,0.72
14,Sat,2022-02-05,Arsenal,2.3,1–1,1.7,Manchester Utd,Meadow Park,Naguy Maertens,1.0,1.0,Draw,3.6,1.8,2.16,1.56
14,Sun,2022-02-06,Chelsea,1.6,1–0,1.0,Manchester City,Cherry Red Records Fans Stadium,Amy Fearn,1.0,0.0,Home win,3.2,3.6,2.4,1.9600000000000002
14,Sun,2022-02-06,Everton,2.0,1–2,2.8,Reading,Walton Hall Park,Andrew Kitchen,1.0,2.0,Away win,1.0,1.0,0.9800000000000001,0.6599999999999999
14,Sun,2022-02-06,Birmingham City,0.7,1–2,3.6,Leicester City,St Andrews Trillion Trophy Stadium,Rob Whitton,1.0,2.0,Away win,0.8,0.0,0.7,0.27999999999999997
14,Sun,2022-02-06,Tottenham,2.6,4–0,0.6,Brighton,The Hive Stadium,Lauren Impey,4.0,0.0,Home win,1.0,0.6,1.1400000000000001,0.3
14,Sun,2022-02-06,Aston Villa,1.8,1–2,1.6,West Ham,The Bankss Stadium,Lucy May,1.0,2.0,Away win,0.6,0.8,0.36,0.5800000000000001
15,Fri,2022-02-11,Chelsea,0.8,0–0,0.8,Arsenal,Cherry Red Records Fans Stadium,Rebecca Welch,0.0,0.0,Draw,2.6,1.6,2.24,1.1400000000000001
15,Sun,2022-02-13,Manchester City,1.4,1–0,0.2,Manchester Utd,Academy Stadium,Kirsty Dowle,1.0,0.0,Home win,1.4,1.4,1.6,1.4200000000000002
15,Sun,2022-02-13,Everton,1.2,0–2,1.2,Aston Villa,Walton Hall Park,Naguy Maertens,0.0,2.0,Away win,1.2,0.6,1.2,0.42000000000000004
15,Sun,2022-02-13,Leicester City,1.7,3–0,0.2,West Ham,King Power Stadium,Abigail Bryne,3.0,0.0,Home win,1.0,0.8,0.42000000000000004,0.8
15,Sun,2022-02-13,Birmingham City,0.2,0–2,2.1,Tottenham,St Andrews Trillion Trophy Stadium,Emily Heaslip,0.0,2.0,Away win,1.0,1.0,0.8,1.2200000000000002
15,Sun,2022-02-13,Brighton,2.1,4–1,0.4,Reading,The People’s Pension Stadium,Carl Brook,4.0,1.0,Home win,0.6,1.4,0.43999999999999995,1.1599999999999997
11,Wed,2022-03-02,Aston Villa,0.8,0–1,1.2,Everton,The Bankss Stadium,Robert Massey Ellis,0.0,1.0,Away win,0.4,0.8,0.5599999999999999,1.2399999999999998
12,Wed,2022-03-02,Arsenal,2.4,4–0,0.1,Reading,Meadow Park,James Bell,4.0,0.0,Home win,2.8,1.6,2.0599999999999996,1.1999999999999997
16,Sat,2022-03-05,Aston Villa,0.6,0–1,1.1,Brighton,The Bankss Stadium,Louise Saunders,0.0,1.0,Away win,0.4,0.4,0.6799999999999999,0.36
16,Sat,2022-03-05,Manchester Utd,2.3,4–0,0.3,Leicester City,Leigh Sports Village Stadium,Amy Fearn,4.0,0.0,Home win,3.0,0.4,1.1800000000000002,0.9199999999999999
16,Sun,2022-03-06,Arsenal,2.4,4–2,1.2,Birmingham City,Meadow Park,Robert Massey Ellis,4.0,2.0,Home win,3.0,0.6,2.2199999999999998,0.6
16,Sun,2022-03-06,Reading,0.6,0–0,0.6,Tottenham,Select Car Leasing Stadium,Lauren Impey,0.0,0.0,Draw,2.0,1.0,0.8400000000000001,1.1
16,Thu,2022-03-10,West Ham,1.0,1–4,1.7,Chelsea,Chigwell Construction Stadium,Carl Brook,1.0,4.0,Away win,2.2,2.2,1.3199999999999998,2.0
17,Sat,2022-03-12,Reading,2.1,1–3,1.4,Manchester Utd,Select Car Leasing Stadium,Lucy May,1.0,3.0,Away win,1.4,1.0,0.8800000000000001,1.12
17,Sat,2022-03-12,Everton,1.3,3–2,1.2,Leicester City,Walton Hall Park,Kirsty Dowle,3.0,2.0,Home win,0.6,0.4,1.24,0.9600000000000002
17,Sun,2022-03-13,Tottenham,0.1,0–1,1.0,Manchester City,The Hive Stadium,Emily Heaslip,0.0,1.0,Away win,1.6,3.2,1.2,1.78
17,Sun,2022-03-13,Chelsea,1.7,1–0,0.4,Aston Villa,Cherry Red Records Fans Stadium,Abigail Bryne,1.0,0.0,Home win,2.0,1.0,2.02,0.5399999999999999
17,Sun,2022-03-13,Birmingham City,0.5,0–1,0.6,West Ham,St Andrews Trillion Trophy Stadium,Louise Saunders,0.0,1.0,Away win,1.0,0.8,0.8200000000000001,0.76
17,Sun,2022-03-13,Brighton,0.4,0–3,1.9,Arsenal,The People’s Pension Stadium,Tom Reeves,0.0,3.0,Away win,1.0,0.8,0.58,0.96
10,Wed,2022-03-16,Manchester City,2.9,2–0,0.1,Reading,Academy Stadium,Anthony Backhouse,2.0,0.0,Home win,1.4,1.6,1.48,1.18
12,Wed,2022-03-16,Everton,0.1,0–3,1.2,Chelsea,Walton Hall Park,James Bell,0.0,3.0,Away win,1.2,1.8,1.32,1.6800000000000002
11,Wed,2022-03-16,West Ham,0.4,1–1,0.5,Manchester Utd,Chigwell Construction Stadium,Daniel Lamport,1.0,1.0,Draw,1.6,1.4,0.9800000000000001,1.22
16,Wed,2022-03-23,Manchester City,2.2,4–0,0.0,Everton,Academy Stadium,Scott Jackson,4.0,0.0,Home win,1.8,0.4,1.7399999999999998,1.02
18,Sat,2022-03-26,Aston Villa,1.3,1–1,1.2,Reading,The Bankss Stadium,Lauren Impey,1.0,1.0,Draw,0.4,1.0,0.78,0.74
18,Sun,2022-03-27,Manchester Utd,1.5,3–1,0.4,Everton,Old Trafford,Helen Conley,3.0,1.0,Home win,3.4,0.4,1.5400000000000003,0.9800000000000001
18,Sun,2022-03-27,Leicester City,0.4,0–9,3.5,Chelsea,King Power Stadium,Abigail Bryne,0.0,9.0,Away win,1.4,2.2,0.6799999999999999,1.5799999999999998
18,Sun,2022-03-27,West Ham,0.5,0–2,0.7,Brighton,Chigwell Construction Stadium,Paul Howard,0.0,2.0,Away win,1.6,0.4,0.96,0.5
19,Fri,2022-04-01,Birmingham City,0.2,0–0,1.6,Everton,St Andrews Trillion Trophy Stadium,Amy Fearn,0.0,0.0,Draw,1.0,0.4,0.78,0.52
19,Sat,2022-04-02,West Ham,0.3,0–2,2.0,Manchester City,Chigwell Construction Stadium,Lucy May,0.0,2.0,Away win,1.2,2.6,0.78,1.58
19,Sun,2022-04-03,Manchester Utd,1.2,1–0,0.6,Brighton,Leigh Sports Village Stadium,Abigail Bryne,1.0,0.0,Home win,4.0,0.8,1.7,0.54
19,Sun,2022-04-03,Leicester City,0.2,0–5,3.1,Arsenal,King Power Stadium,Rebecca Welch,0.0,5.0,Away win,1.4,1.2,0.72,1.02
19,Sun,2022-04-03,Tottenham,0.5,0–1,0.2,Aston Villa,The Hive Stadium,Richie Watkins,0.0,1.0,Away win,1.4,0.8,1.1800000000000002,0.5399999999999999
19,Sun,2022-04-03,Chelsea,3.0,5–0,0.1,Reading,Cherry Red Records Fans Stadium,Emily Heaslip,5.0,0.0,Home win,1.8,0.8,2.04,0.9199999999999999
20,Sat,2022-04-23,Brighton,1.2,1–3,0.6,Birmingham City,The People’s Pension Stadium,Naguy Maertens,1.0,3.0,Away win,0.8,0.8,0.6,0.58
20,Sun,2022-04-24,Reading,0.6,1–2,2.2,West Ham,Select Car Leasing Stadium,Tom Reeves,1.0,2.0,Away win,1.2,0.8,1.1,0.52
20,Sun,2022-04-24,Manchester City,2.6,4–0,0.1,Leicester City,Academy Stadium,Louise Saunders,4.0,0.0,Home win,2.6,0.8,1.9600000000000002,1.1199999999999999
20,Sun,2022-04-24,Tottenham,0.3,1–3,1.3,Chelsea,The Hive Stadium,Lisa Benn,1.0,3.0,Away win,1.2,3.2,1.0400000000000003,1.9799999999999998
20,Sun,2022-04-24,Aston Villa,0.2,0–0,2.0,Manchester Utd,The Bankss Stadium,Emily Heaslip,0.0,0.0,Draw,0.4,1.4,0.9199999999999999,1.1
20,Sun,2022-04-24,Everton,0.1,0–3,1.9,Arsenal,Walton Hall Park,Kirsty Dowle,0.0,3.0,Away win,1.0,1.8,1.14,1.3199999999999998
11,Thu,2022-04-28,Chelsea,1.8,2–1,0.1,Tottenham,Cherry Red Records Fans Stadium,Jack Packman,2.0,1.0,Home win,1.8,0.8,1.72,1.06
21,Sat,2022-04-30,Manchester City,3.3,7–2,1.4,Brighton,Academy Stadium,Amy Fearn,7.0,2.0,Home win,2.4,0.8,2.04,0.6199999999999999
21,Sun,2022-05-01,Manchester Utd,2.1,3–0,0.4,West Ham,Leigh Sports Village Stadium,Lucy May,3.0,0.0,Home win,3.2,1.0,1.5,0.9199999999999999
21,Sun,2022-05-01,Leicester City,1.2,0–0,0.7,Reading,King Power Stadium,Richie Watkins,0.0,0.0,Draw,1.0,0.4,0.62,0.38
21,Sun,2022-05-01,Arsenal,3.1,7–0,0.1,Aston Villa,Meadow Park,Lisa Benn,7.0,0.0,Home win,3.0,1.0,2.18,0.58
21,Sun,2022-05-01,Birmingham City,0.5,0–1,2.0,Chelsea,St Andrews Trillion Trophy Stadium,Emily Heaslip,0.0,1.0,Away win,0.6,3.8,0.4600000000000001,1.9
21,Sun,2022-05-01,Everton,1.2,2–2,2.6,Tottenham,Walton Hall Park,Lauren Impey,2.0,2.0,Draw,0.8,1.0,0.9400000000000001,0.96
18,Wed,2022-05-04,Manchester City,3.1,6–0,0.0,Birmingham City,Academy Stadium,Jane Simms,6.0,0.0,Home win,3.6,1.4,2.48,0.7
18,Wed,2022-05-04,Arsenal,1.5,3–0,1.1,Tottenham,Emirates Stadium,Louise Saunders,3.0,0.0,Home win,3.6,1.0,2.26,1.24
22,Sun,2022-05-08,Reading,0.3,0–4,2.8,Manchester City,Select Car Leasing Stadium,Naguy Maertens,0.0,4.0,Away win,1.2,2.4,1.18,1.5
22,Sun,2022-05-08,Brighton,0.7,1–1,0.6,Everton,The People’s Pension Stadium,Louise Saunders,1.0,1.0,Draw,1.0,0.4,0.78,0.7
22,Sun,2022-05-08,Chelsea,1.4,4–2,0.6,Manchester Utd,Cherry Red Records Fans Stadium,Abigail Bryne,4.0,2.0,Home win,1.8,1.0,1.78,1.16
22,Sun,2022-05-08,Tottenham,1.1,1–0,0.6,Leicester City,Tottenham Hotspur Stadium,Kirsty Dowle,1.0,0.0,Home win,1.2,0.8,1.02,1.12
22,Sun,2022-05-08,West Ham,0.5,0–2,1.2,Arsenal,Chigwell Construction Stadium,Emily Heaslip,0.0,2.0,Away win,1.0,2.4,0.74,1.58
22,Sun,2022-05-08,Aston Villa,1.0,0–1,0.5,Birmingham City,Villa Park,Rebecca Welch,0.0,1.0,Away win,0.4,1.4,0.9399999999999998,0.52
2,Fri,2022-09-16,Arsenal,3.6,4–0,0.3,Brighton,Meadow Park,Lisa Benn,4.0,0.0,Home win,3.8,1.0,2.34,0.8800000000000001
2,Sat,2022-09-17,Manchester Utd,2.3,4–0,0.0,Reading,Leigh Sports Village Stadium,Abigail Bryne,4.0,0.0,Home win,2.8,0.2,1.58,0.43999999999999995
2,Sun,2022-09-18,Aston Villa,1.4,4–3,0.7,Manchester City,Villa Park,Louise Saunders,4.0,3.0,Home win,0.2,2.0,0.7799999999999999,1.7400000000000002
2,Sun,2022-09-18,West Ham,0.4,1–0,0.6,Everton,Chigwell Construction Stadium,Lauren Impey,1.0,0.0,Home win,0.4,0.6,0.54,0.76
2,Sun,2022-09-18,Leicester City,0.3,1–2,0.3,Tottenham,King Power Stadium,Kirsty Dowle,1.0,2.0,Away win,0.8,1.0,0.78,1.3
2,Sun,2022-09-18,Liverpool,2.0,2–1,1.3,Chelsea,Prenton Park,Emily Heaslip,2.0,1.0,Home win,0.0,4.0,0.0,1.94
3,Sat,2022-09-24,Arsenal,1.5,4–0,0.2,Tottenham,Emirates Stadium,Rebecca Welch,4.0,0.0,Home win,4.4,1.0,2.6,0.9400000000000001
3,Sun,2022-09-25,Brighton,1.8,2–1,1.4,Reading,The American Express Community Stadium,Lauren Impey,2.0,1.0,Home win,1.2,0.2,0.9,0.41999999999999993
3,Sun,2022-09-25,West Ham,0.6,0–2,1.2,Manchester Utd,Chigwell Construction Stadium,Emily Heaslip,0.0,2.0,Away win,0.4,1.2,0.42000000000000004,0.9399999999999998
3,Sun,2022-09-25,Leicester City,0.8,0–2,1.4,Aston Villa,King Power Stadium,Thomas Parsons,0.0,2.0,Away win,0.8,1.0,0.76,0.5
3,Sun,2022-09-25,Chelsea,1.4,2–0,0.9,Manchester City,Cherry Red Records Fans Stadium,Abigail Bryne,2.0,0.0,Home win,2.4,2.0,1.7400000000000002,1.5
3,Sun,2022-09-25,Liverpool,1.4,0–3,1.3,Everton,Prenton Park,Andrew Kitchen,0.0,3.0,Away win,2.0,0.4,2.0,0.64
1,Wed,2022-09-28,Chelsea,2.5,3–1,0.2,West Ham,Stamford Bridge,Tom Reeves,3.0,1.0,Home win,2.8,1.0,1.8599999999999999,1.0
1,Thu,2022-09-29,Everton,0.3,1–0,0.2,Leicester City,Walton Hall Park,Cheryl Foster,1.0,0.0,Home win,1.0,0.8,0.78,1.16
4,Sat,2022-10-15,Aston Villa,2.3,1–2,1.0,West Ham,Poundland Bescot Stadium,Cheryl Foster,1.0,2.0,Away win,1.0,0.8,0.9,0.7200000000000001
4,Sun,2022-10-16,Manchester Utd,1.5,4–0,0.4,Brighton,Leigh Sports Village Stadium,Emily Heaslip,4.0,0.0,Home win,3.0,1.0,1.8800000000000001,0.82
4,Sun,2022-10-16,Everton,0.7,1–3,2.3,Chelsea,Walton Hall Park,Lauren Impey,1.0,3.0,Away win,1.2,3.4,0.6,1.86
4,Sun,2022-10-16,Tottenham,1.1,1–0,0.5,Liverpool,The Breyer Group Stadium,Abigail Bryne,1.0,0.0,Home win,1.2,0.0,0.9200000000000002,0.0
4,Sun,2022-10-16,Manchester City,3.3,4–0,0.2,Leicester City,Academy Stadium,Farai Hallam,4.0,0.0,Home win,4.6,0.4,2.82,0.48
4,Sun,2022-10-16,Reading,0.7,0–1,2.1,Arsenal,Select Car Leasing Stadium,Louise Saunders,0.0,1.0,Away win,1.0,2.6,1.02,1.78
5,Sat,2022-10-22,Tottenham,0.1,0–3,0.9,Manchester City,The Breyer Group Stadium,Emily Heaslip,0.0,3.0,Away win,0.6,2.0,0.6200000000000001,1.48
5,Sat,2022-10-22,Aston Villa,0.7,0–1,0.8,Everton,The Breyer Group Stadium,Kirsty Dowle,0.0,1.0,Away win,1.2,1.0,1.2399999999999998,0.9
5,Sun,2022-10-23,Liverpool,0.7,0–2,1.4,Arsenal,Prenton Park,Anthony Backhouse,0.0,2.0,Away win,1.0,2.8,1.7,2.04
5,Sun,2022-10-23,Leicester City,0.3,0–1,0.8,Manchester Utd,King Power Stadium,Neil Hair,0.0,1.0,Away win,0.2,1.6,0.5800000000000001,1.14
5,Sun,2022-10-23,West Ham,1.6,3–2,1.4,Reading,Chigwell Construction Stadium,Lauren Impey,3.0,2.0,Home win,0.2,0.4,0.45999999999999996,0.6799999999999999
5,Sun,2022-10-23,Brighton,1.0,0–2,2.0,Chelsea,The People’s Pension Stadium,Abigail Bryne,0.0,2.0,Away win,1.6,3.4,1.24,2.0799999999999996
6,Sun,2022-10-30,Reading,0.4,2–1,0.3,Leicester City,Select Car Leasing Stadium,Emily Heaslip,2.0,1.0,Home win,0.4,0.4,0.86,0.4600000000000001
6,Sun,2022-10-30,Manchester City,2.1,2–1,0.9,Liverpool,Academy Stadium,Kirsty Dowle,2.0,1.0,Home win,5.0,0.0,2.9,0.5
6,Sun,2022-10-30,Brighton,0.8,0–8,2.8,Tottenham,The People’s Pension Stadium,Louise Saunders,0.0,8.0,Away win,0.8,1.0,1.02,0.8600000000000001
6,Sun,2022-10-30,Everton,0.3,0–3,0.7,Manchester Utd,Walton Hall Park,Adam Herczeg,0.0,3.0,Away win,0.8,1.2,0.48,1.02
6,Sun,2022-10-30,Chelsea,1.7,3–1,0.6,Aston Villa,Cherry Red Records Fans Stadium,Martin Woods,3.0,1.0,Home win,3.2,1.0,2.0200000000000005,0.6599999999999999
6,Sun,2022-10-30,Arsenal,1.6,3–1,1.3,West Ham,Meadow Park,Abigail Bryne,3.0,1.0,Home win,4.4,1.2,2.42,0.8800000000000001
7,Sun,2022-11-06,Leicester City,0.2,0–4,1.9,Arsenal,King Power Stadium,Amy Fearn,0.0,4.0,Away win,0.2,2.6,0.56,1.9400000000000002
7,Sun,2022-11-06,Reading,0.1,0–3,1.4,Manchester City,Select Car Leasing Stadium,Abigail Byrne,0.0,3.0,Away win,0.8,2.4,0.82,1.4600000000000002
7,Sun,2022-11-06,Liverpool,1.1,0–1,1.5,Aston Villa,Prenton Park,Robert Massey Ellis,0.0,1.0,Away win,0.6666666666666666,0.8,1.3666666666666665,0.5399999999999999
7,Sun,2022-11-06,West Ham,1.1,4–5,3.5,Brighton,Chigwell Construction Stadium,Emily Heaslip,4.0,5.0,Away win,0.8,0.8,0.68,0.6799999999999999
7,Sun,2022-11-06,Manchester Utd,0.5,1–3,1.2,Chelsea,Leigh Sports Village Stadium,Cheryl Foster,1.0,3.0,Away win,3.0,2.0,1.7200000000000002,1.7799999999999998
8,Sat,2022-11-19,Everton,0.4,1–2,3.7,Manchester City,Walton Hall Park,Emily Heaslip,1.0,2.0,Away win,0.8,2.6,0.5199999999999999,1.34
8,Sat,2022-11-19,Arsenal,0.8,2–3,0.9,Manchester Utd,Emirates Stadium,Kirsty Dowle,2.0,3.0,Away win,4.2,1.6,2.2600000000000002,1.06
8,Sun,2022-11-20,Chelsea,1.5,3–0,0.7,Tottenham,Stamford Bridge,Rebecca Welch,3.0,0.0,Home win,2.8,2.4,1.7600000000000002,1.4
8,Sun,2022-11-20,Aston Villa,2.4,3–1,0.4,Reading,Villa Park,Adam Herczeg,3.0,1.0,Home win,1.0,0.6,1.1199999999999999,0.72
8,Sun,2022-11-20,Brighton,1.5,3–3,1.3,Liverpool,The People’s Pension Stadium,Abigail Byrne,3.0,3.0,Draw,0.8,0.5,1.1,0.7
8,Sun,2022-11-20,West Ham,0.6,1–0,1.3,Leicester City,Chigwell Construction Stadium,Louise Saunders,1.0,0.0,Home win,1.6,0.2,0.8400000000000001,0.27999999999999997
1,Thu,2022-11-24,Reading,1.7,3–3,1.1,Liverpool,Select Car Leasing Stadium,Amy Fearn,3.0,3.0,Draw,0.6,1.3333333333333333,0.42000000000000004,0.9
9,Sat,2022-12-03,Manchester Utd,2.3,5–0,0.4,Aston Villa,Old Trafford,Louise Saunders,5.0,0.0,Home win,2.6,1.0,1.52,0.76
9,Sat,2022-12-03,Arsenal,3.1,1–0,1.3,Everton,Meadow Park,Sunny Gill,1.0,0.0,Home win,3.2,1.0,1.8,0.9800000000000001
9,Sat,2022-12-03,Leicester City,0.2,0–8,4.1,Chelsea,King Power Stadium,Amy Fearn,0.0,8.0,Away win,0.2,2.0,0.5599999999999999,1.7599999999999998
9,Sun,2022-12-04,Reading,1.3,1–0,0.9,Tottenham,Select Car Leasing Stadium,Carl Brook,1.0,0.0,Home win,1.0,2.0,0.6399999999999999,1.02
9,Sun,2022-12-04,Manchester City,3.0,3–1,1.0,Brighton,Academy Stadium,Cheryl Foster,3.0,1.0,Home win,4.6,1.4,2.88,1.24
9,Sun,2022-12-04,Liverpool,2.3,2–0,0.3,West Ham,Prenton Park,Neil Hair,2.0,0.0,Home win,0.5,1.2,1.3,1.02
10,Sun,2022-12-11,Manchester City,1.6,1–1,1.1,Manchester Utd,Etihad Stadium,Abigail Byrne,1.0,1.0,Draw,4.4,2.2,2.96,0.8400000000000001
10,Sun,2022-12-11,Tottenham,1.0,0–2,1.8,West Ham,The Breyer Group Stadium,Richie Watkins,0.0,2.0,Away win,0.6,0.8,0.6200000000000001,0.64
10,Sun,2022-12-11,Aston Villa,0.5,1–4,1.7,Arsenal,Villa Park,Paul Howard,1.0,4.0,Away win,1.6,2.4,1.56,1.7
10,Sun,2022-12-11,Chelsea,2.0,3–2,0.9,Reading,Cherry Red Records Fans Stadium,Kirsty Dowle,3.0,2.0,Home win,3.0,0.8,1.7,0.78
7,Wed,2022-12-14,Tottenham,0.4,0–3,1.3,Everton,The Breyer Group Stadium,Kirsty Dowle,0.0,3.0,Away win,0.6,1.0,0.7200000000000001,0.9200000000000002
11,Sat,2023-01-14,Aston Villa,0.9,2–1,0.8,Tottenham,Poundland Bescot Stadium,Thomas Kirk,2.0,1.0,Home win,1.8,2.0,1.46,0.9799999999999999
11,Sun,2023-01-15,Arsenal,1.6,1–1,1.3,Chelsea,Emirates Stadium,Emily Heaslip,1.0,1.0,Draw,2.8,3.4,2.12,2.1799999999999997
11,Sun,2023-01-15,Everton,1.1,3–2,0.9,Reading,Walton Hall Park,Tom Reeves,3.0,2.0,Home win,1.0,1.2,0.58,0.82
11,Sun,2023-01-15,Manchester Utd,2.7,6–0,0.2,Liverpool,Leigh Sports Village Stadium,Kirsty Dowle,6.0,0.0,Home win,3.4,1.75,1.7399999999999998,0.9500000000000001
11,Sun,2023-01-15,Leicester City,1.4,3–0,0.7,Brighton,King Power Stadium,Cheryl Foster,3.0,0.0,Home win,0.2,1.6,0.36,1.3199999999999998
11,Sun,2023-01-15,West Ham,0.8,0–1,3.7,Manchester City,Chigwell Construction Stadium,Amy Fearn,0.0,1.0,Away win,1.8,2.2,0.86,1.52
12,Sat,2023-01-21,Manchester City,2.0,1–1,0.7,Aston Villa,Academy Stadium,Cheryl Foster,1.0,1.0,Draw,3.2,0.8,2.62,0.7999999999999999
12,Sun,2023-01-22,Everton,0.8,3–0,0.7,West Ham,Walton Hall Park,Tom Nield,3.0,0.0,Home win,1.2,1.2,0.5599999999999999,0.9200000000000002
12,Sun,2023-01-22,Reading,0.3,0–1,2.4,Manchester Utd,Select Car Leasing Stadium,Richie Watkins,0.0,1.0,Away win,1.2,2.0,0.8400000000000001,0.9399999999999998
13,Sat,2023-02-04,Leicester City,0.3,0–2,3.4,Manchester City,King Power Stadium,Amy Fearn,0.0,2.0,Away win,0.6,1.8,0.58,2.12
13,Sat,2023-02-04,Aston Villa,0.9,1–1,0.6,Brighton,Poundland Bescot Stadium,Louise Saunders,1.0,1.0,Draw,1.4,1.2,1.36,1.1800000000000002
13,Sun,2023-02-05,Manchester Utd,2.1,0–0,0.4,Everton,Leigh Sports Village Stadium,Emily Heaslip,0.0,0.0,Draw,4.0,1.4,1.86,1.06
13,Sun,2023-02-05,Tottenham,1.1,2–3,0.7,Chelsea,The Breyer Group Stadium,Abigail Byrne,2.0,3.0,Away win,0.4,3.4,0.7400000000000001,2.1799999999999997
13,Sun,2023-02-05,Liverpool,0.7,2–0,0.5,Reading,Prenton Park,Jane Simms,2.0,0.0,Home win,0.8,1.6,1.5,1.0
13,Sun,2023-02-05,West Ham,0.1,0–0,1.6,Arsenal,Chigwell Construction Stadium,Richie Watkins,0.0,0.0,Draw,1.6,2.6,0.9400000000000001,1.6599999999999997
1,Sat,2023-02-11,Manchester City,2.3,2–1,0.3,Arsenal,Academy Stadium,Rebecca Welch,2.0,1.0,Home win,2.2,2.2,2.4,1.7400000000000002
1,Sun,2023-02-12,Tottenham,0.3,1–2,0.8,Manchester Utd,Tottenham Hotspur Stadium,Amy Fearn,1.0,2.0,Away win,0.6,1.8,0.7400000000000001,1.1800000000000002
1,Sun,2023-02-12,Brighton,1.1,2–6,2.3,Aston Villa,The American Express Community Stadium,Naguy Maertens,2.0,6.0,Away win,1.2,1.0,1.16,0.9199999999999999
10,Sun,2023-02-12,Liverpool,0.8,0–1,0.6,Leicester City,Prenton Park,Richie Watkins,0.0,1.0,Away win,0.8,0.2,1.24,0.5199999999999999
14,Sun,2023-03-05,Manchester Utd,3.5,5–1,0.2,Leicester City,Leigh Sports Village Stadium,Melissa Burgin,5.0,1.0,Home win,3.2,0.4,1.8200000000000003,0.52
14,Sun,2023-03-05,Everton,0.4,0–2,1.1,Aston Villa,Walton Hall Park,Amy Fearn,0.0,2.0,Away win,1.6,1.8,0.66,1.1
14,Sun,2023-03-05,Reading,1.2,2–1,0.9,West Ham,Select Car Leasing Stadium,Lisa Benn,2.0,1.0,Home win,1.2,1.0,0.76,1.02
14,Sun,2023-03-05,Manchester City,2.4,3–1,0.8,Tottenham,Academy Stadium,Abigail Byrne,3.0,1.0,Home win,1.8,1.8,2.2,1.0799999999999998
14,Wed,2023-03-08,Arsenal,2.6,2–0,0.2,Liverpool,Meadow Park,Emily Heaslip,2.0,0.0,Home win,2.2,1.4,1.7200000000000002,0.8
14,Wed,2023-03-08,Chelsea,2.8,3–1,0.3,Brighton,Cherry Red Records Fans Stadium,Abigail Byrne,3.0,1.0,Home win,2.8,1.4,1.8199999999999998,1.24
15,Sun,2023-03-12,Chelsea,1.1,1–0,0.8,Manchester Utd,Cherry Red Records Fans Stadium,Cheryl Foster,1.0,0.0,Home win,3.0,2.0,2.1,1.1800000000000002
15,Sun,2023-03-12,Brighton,0.4,1–2,2.7,Manchester City,The People’s Pension Stadium,Yoshimi Yamashita,1.0,2.0,Away win,1.4,2.2,1.24,2.62
15,Sun,2023-03-12,Liverpool,0.8,2–1,0.6,Tottenham,Prenton Park,Jane Simms,2.0,1.0,Home win,0.8,2.0,1.12,1.1999999999999997
15,Sun,2023-03-12,Leicester City,0.9,0–0,1.7,Everton,King Power Stadium,Stacey Fullicks,0.0,0.0,Draw,0.6,1.4,0.47999999999999987,1.02
15,Sun,2023-03-12,West Ham,1.4,1–2,0.8,Aston Villa,Chigwell Construction Stadium,James Bell,1.0,2.0,Away win,1.6,2.0,0.8400000000000001,1.2
15,Sun,2023-03-12,Arsenal,4.2,4–0,0.2,Reading,Meadow Park,Amy Fearn,4.0,0.0,Home win,1.8,1.4,1.9400000000000002,0.82
12,Wed,2023-03-15,Tottenham,0.6,1–0,0.4,Leicester City,The Breyer Group Stadium,Yoshimi Yamashita,1.0,0.0,Home win,0.6,0.6,0.5800000000000001,0.5199999999999999
16,Fri,2023-03-24,Everton,1.3,1–1,1.5,Liverpool,Walton Hall Park,Lauren Impey,1.0,1.0,Draw,1.4,1.4,0.6,0.74
16,Sat,2023-03-25,Tottenham,1.0,1–5,3.0,Arsenal,The Breyer Group Stadium,Louise Saunders,1.0,5.0,Away win,0.8,2.2,0.68,1.38
16,Sat,2023-03-25,Manchester Utd,2.3,4–0,0.5,West Ham,Old Trafford,Emily Heaslip,4.0,0.0,Home win,3.4,0.8,2.22,1.0
16,Sun,2023-03-26,Manchester City,0.9,2–0,0.6,Chelsea,Academy Stadium,Paul Howard,2.0,0.0,Home win,2.0,3.4,2.26,1.86
16,Sun,2023-03-26,Reading,1.7,2–2,2.2,Brighton,Select Car Leasing Stadium,Robert Madley,2.0,2.0,Draw,1.2,1.6,0.9199999999999999,1.22
16,Sun,2023-03-26,Aston Villa,2.0,5–0,0.9,Leicester City,Villa Park,Jane Simms,5.0,0.0,Home win,1.4,0.6,1.08,0.56
17,Sat,2023-04-01,Brighton,0.6,0–4,2.3,Manchester Utd,The People’s Pension Stadium,Stacey Fullicks,0.0,4.0,Away win,1.2,1.4,0.96,1.2
17,Sun,2023-04-02,Arsenal,1.0,2–1,1.4,Manchester City,Meadow Park,Abigail Byrne,2.0,1.0,Home win,2.0,2.0,2.46,2.98
17,Sun,2023-04-02,Everton,0.7,2–1,0.4,Tottenham,Walton Hall Park,Lisa Benn,2.0,1.0,Home win,1.6,0.6,0.8,0.76
17,Sun,2023-04-02,Leicester City,1.2,2–1,0.5,Reading,King Power Stadium,Richie Watkins,2.0,1.0,Home win,0.6,1.0,0.6,0.58
17,Sun,2023-04-02,West Ham,0.1,0–0,0.5,Liverpool,Chigwell Construction Stadium,Jane Simms,0.0,0.0,Draw,1.2,1.4,0.8,0.8600000000000001
17,Sun,2023-04-02,Aston Villa,1.3,0–3,2.2,Chelsea,Poundland Bescot Stadium,Louise Saunders,0.0,3.0,Away win,2.4,3.0,1.34,1.5799999999999998
10,Wed,2023-04-19,Brighton,0.9,3–2,1.7,Everton,The People’s Pension Stadium,Lauren Impey,3.0,2.0,Home win,1.2,0.8,0.8800000000000001,1.1
18,Wed,2023-04-19,Manchester Utd,0.6,1–0,0.5,Arsenal,Leigh Sports Village Stadium,Abigail Byrne,1.0,0.0,Home win,4.0,2.8,2.58,1.7
18,Sun,2023-04-23,Liverpool,1.0,2–1,0.7,Brighton,Prenton Park,Lisa Benn,2.0,1.0,Home win,1.2,1.0,1.1400000000000001,0.9600000000000002
18,Sun,2023-04-23,Reading,1.1,2–3,2.6,Everton,Select Car Leasing Stadium,Louise Saunders,2.0,3.0,Away win,1.6,1.0,1.24,1.28
18,Sun,2023-04-23,Tottenham,1.7,3–3,1.8,Aston Villa,The Breyer Group Stadium,Stacey Pearson,3.0,3.0,Draw,1.0,2.2,0.68,1.06
18,Sun,2023-04-23,Manchester City,2.3,6–2,1.3,West Ham,Academy Stadium,Jane Simms,6.0,2.0,Home win,1.8,0.6,1.8399999999999999,0.8400000000000001
19,Fri,2023-04-28,Aston Villa,0.6,2–3,1.6,Manchester Utd,Poundland Bescot Stadium,Lisa Benn,2.0,3.0,Away win,1.8,1.6,1.12,1.48
19,Sat,2023-04-29,Leicester City,1.3,4–0,0.9,Liverpool,King Power Stadium,Emily Heaslip,4.0,0.0,Home win,1.0,0.8,0.7999999999999999,0.7
19,Sat,2023-04-29,Tottenham,1.2,2–2,1.5,Brighton,The Breyer Group Stadium,Cheryl Foster,2.0,2.0,Draw,1.6,1.0,0.9400000000000001,0.9
19,Sun,2023-04-30,Manchester City,4.7,4–1,0.4,Reading,Academy Stadium,Amy Fearn,4.0,1.0,Home win,2.8,1.0,1.9799999999999998,0.6
12,Wed,2023-05-03,Chelsea,2.7,2–1,0.7,Liverpool,Cherry Red Records Fans Stadium,Abigail Byrne,2.0,1.0,Home win,2.6,0.2,1.8199999999999998,0.6599999999999999
20,Fri,2023-05-05,Arsenal,1.9,1–0,0.6,Leicester City,Meadow Park,Emily Heaslip,1.0,0.0,Home win,2.0,0.4,2.5,0.6799999999999999
20,Sun,2023-05-07,Manchester Utd,2.1,3–0,1.1,Tottenham,Leigh Sports Village Stadium,Kirsty Dowle,3.0,0.0,Home win,3.2,0.8,2.24,0.7
20,Sun,2023-05-07,Reading,0.3,0–5,2.3,Aston Villa,Select Car Leasing Stadium,Abigail Byrne,0.0,5.0,Away win,1.4,2.8,1.1199999999999999,1.34
20,Sun,2023-05-07,Brighton,1.0,1–0,0.2,West Ham,The People’s Pension Stadium,Amy Fearn,1.0,0.0,Home win,1.8,1.0,0.9,1.04
20,Sun,2023-05-07,Liverpool,0.9,2–1,1.7,Manchester City,Prenton Park,Jane Simms,2.0,1.0,Home win,1.6,1.6,1.1199999999999999,2.9800000000000004
20,Sun,2023-05-07,Chelsea,2.5,7–0,0.4,Everton,Cherry Red Records Fans Stadium,Lisa Benn,7.0,0.0,Home win,2.4,1.6,2.02,1.54
18,Wed,2023-05-10,Chelsea,3.4,6–0,0.4,Leicester City,Cherry Red Records Fans Stadium,Rebecca Welch,6.0,0.0,Home win,3.2,0.4,2.2199999999999998,0.54
12,Wed,2023-05-10,Brighton,0.9,0–4,3.0,Arsenal,The People’s Pension Stadium,Kirsty Dowle,0.0,4.0,Away win,1.4,2.0,0.8,1.42
19,Wed,2023-05-17,Everton,0.3,1–4,3.1,Arsenal,Walton Hall Park,Cheryl Foster,1.0,4.0,Away win,1.8,2.0,0.86,1.6800000000000002
19,Wed,2023-05-17,West Ham,0.4,0–4,2.4,Chelsea,Chigwell Construction Stadium,Louise Saunders,0.0,4.0,Away win,0.4,3.0,0.6,1.78
21,Sat,2023-05-20,Tottenham,1.9,4–1,0.8,Reading,The Breyer Group Stadium,Emily Heaslip,4.0,1.0,Home win,1.6,0.8,0.9600000000000002,0.4999999999999999
21,Sun,2023-05-21,Chelsea,1.9,2–0,2.0,Arsenal,Cherry Red Records Fans Stadium,Abigail Byrne,2.0,0.0,Home win,3.8,2.8,2.5,1.98
21,Sun,2023-05-21,Everton,1.2,2–1,1.2,Brighton,Walton Hall Park,Lauren Impey,2.0,1.0,Home win,1.4,1.4,0.7000000000000001,1.06
21,Sun,2023-05-21,Aston Villa,1.3,3–3,1.2,Liverpool,Villa Park,Kirsty Dowle,3.0,3.0,Draw,2.0,0.4,1.1400000000000001,0.76
21,Sun,2023-05-21,Leicester City,2.5,1–2,1.1,West Ham,King Power Stadium,Lisa Benn,1.0,2.0,Away win,1.8,0.6,1.02,0.7200000000000001
21,Sun,2023-05-21,Manchester Utd,2.0,2–1,1.1,Manchester City,Leigh Sports Village Stadium,Rebecca Welch,2.0,1.0,Home win,2.6,1.4,2.12,2.58
22,Sat,2023-05-27,West Ham,1.0,2–2,0.9,Tottenham,Chigwell Construction Stadium,Stacey Pearson,2.0,2.0,Draw,0.2,0.8,0.5599999999999999,0.74
22,Sat,2023-05-27,Brighton,1.1,0–1,1.5,Leicester City,The People’s Pension Stadium,Abigail Byrne,0.0,1.0,Away win,1.0,0.2,0.76,0.5
22,Sat,2023-05-27,Reading,0.3,0–3,2.3,Chelsea,Select Car Leasing Stadium,Rebecca Welch,0.0,3.0,Away win,1.2,2.2,0.9200000000000002,1.44
22,Sat,2023-05-27,Manchester City,2.1,3–2,1.0,Everton,Academy Stadium,Kirsty Dowle,3.0,2.0,Home win,3.4,1.0,2.52,1.36
22,Sat,2023-05-27,Arsenal,0.3,0–2,0.8,Aston Villa,Meadow Park,Amy Fearn,0.0,2.0,Away win,2.0,3.6,2.26,1.6600000000000001
22,Sat,2023-05-27,Liverpool,0.5,0–1,1.1,Manchester Utd,Prenton Park,Stacey Fullicks,0.0,1.0,Away win,1.6,2.0,0.8400000000000001,1.58
1,Sun,2023-10-01,Aston Villa,0.9,1–2,2.5,Manchester Utd,Villa Park,Rebecca Welch,1.0,2.0,Away win,2.2,2.0,1.2200000000000002,1.3199999999999998
1,Sun,2023-10-01,Everton,1.6,1–2,1.5,Brighton,Walton Hall Park,Kirsty Dowle,1.0,2.0,Away win,1.2,1.4,0.78,1.1800000000000002
1,Sun,2023-10-01,Bristol City,1.2,2–4,1.8,Leicester City,Ashton Gate Stadium,Elizabeth Simms,2.0,4.0,Away win,0.6,0.2,0.48,0.76
1,Sun,2023-10-01,Arsenal,1.7,0–1,1.0,Liverpool,Emirates Stadium,Emily Heaslip,0.0,1.0,Away win,1.8,1.0,2.0,0.96
1,Sun,2023-10-01,West Ham,0.2,0–2,1.8,Manchester City,Chigwell Construction Stadium,Abigail Byrne,0.0,2.0,Away win,0.6,1.4,0.6,2.06
1,Sun,2023-10-01,Chelsea,2.6,2–1,2.0,Tottenham,Stamford Bridge,James Bell,2.0,1.0,Home win,3.6,1.0,2.32,0.76
2,Fri,2023-10-06,Manchester Utd,1.2,2–2,1.4,Arsenal,Leigh Sports Village Stadium,Kirsty Dowle,2.0,2.0,Draw,3.0,2.6,2.1000000000000005,2.32
2,Sun,2023-10-08,Brighton,0.8,0–2,1.3,West Ham,Broadfield Stadium,Amy Fearn,0.0,2.0,Away win,0.8,1.0,0.9,0.8
2,Sun,2023-10-08,Manchester City,0.5,1–1,1.9,Chelsea,Joie Stadium,Emily Heaslip,1.0,1.0,Draw,3.6,2.6,2.48,1.64
2,Sun,2023-10-08,Tottenham,1.1,3–1,1.8,Bristol City,Gaughan Group Stadium,Lauren Impey,3.0,1.0,Home win,2.2,1.2,1.28,0.8800000000000001
2,Sun,2023-10-08,Leicester City,2.0,1–0,1.7,Everton,King Power Stadium,Stacey Fullicks,1.0,0.0,Home win,1.4,1.4,1.2399999999999998,1.4800000000000002
2,Sun,2023-10-08,Liverpool,0.8,2–0,1.1,Aston Villa,Prenton Park,Melissa Burgin,2.0,0.0,Home win,1.2,2.8,0.8,1.3599999999999999
3,Sat,2023-10-14,Chelsea,2.4,2–0,1.0,West Ham,Cherry Red Records Fans Stadium,Stacey Pearson,2.0,0.0,Home win,3.8,1.2,2.62,0.8800000000000001
3,Sun,2023-10-15,Manchester Utd,2.0,1–1,0.2,Leicester City,Leigh Sports Village Stadium,Adewunmi Soneye,1.0,1.0,Draw,2.4,1.0,1.6400000000000001,1.04
3,Sun,2023-10-15,Manchester City,3.0,5–0,0.1,Bristol City,Joie Stadium,Stacey Fullicks,5.0,0.0,Home win,3.2,1.2,2.1,0.9800000000000001
3,Sun,2023-10-15,Arsenal,2.3,2–1,0.2,Aston Villa,Emirates Stadium,Amy Fearn,2.0,1.0,Home win,1.4,2.4,1.8199999999999998,1.3599999999999999
3,Sun,2023-10-15,Brighton,1.1,1–3,1.2,Tottenham,Broadfield Stadium,Kirsty Dowle,1.0,3.0,Away win,0.8,1.0,0.9400000000000001,1.0
3,Sun,2023-10-15,Liverpool,0.8,0–1,0.6,Everton,Anfield,Abigail Byrne,0.0,1.0,Away win,1.6,1.4,0.8,1.48
4,Sat,2023-10-21,Aston Villa,2.0,2–4,1.1,Tottenham,Poundland Bescot Stadium,Lauren Impey,2.0,4.0,Away win,2.2,1.4,1.2200000000000002,1.1199999999999999
4,Sat,2023-10-21,Leicester City,1.1,0–1,2.6,Manchester City,King Power Stadium,Farai Hallam,0.0,1.0,Away win,1.6,1.4,1.58,1.7400000000000002
4,Sun,2023-10-22,Everton,0.6,0–5,2.9,Manchester Utd,Walton Hall Park,Adam Herczeg,0.0,5.0,Away win,1.4,2.0,1.02,1.6600000000000001
4,Sun,2023-10-22,Chelsea,4.6,4–2,0.5,Brighton,Cherry Red Records Fans Stadium,Stacey Fullicks,4.0,2.0,Home win,3.8,1.6,2.56,1.4200000000000002
4,Sun,2023-10-22,West Ham,0.9,1–1,0.7,Liverpool,Chigwell Construction Stadium,Steven Hughes,1.0,1.0,Draw,0.6,1.0,0.6199999999999999,0.86
4,Sun,2023-10-22,Bristol City,0.2,1–2,2.4,Arsenal,Ashton Gate Stadium,Adewunmi Soneye,1.0,2.0,Away win,1.0,2.0,0.7,2.0
5,Sat,2023-11-04,Aston Villa,0.7,0–6,5.4,Chelsea,Poundland Bescot Stadium,Abigail Byrne,0.0,6.0,Away win,1.6,2.2,1.2200000000000002,1.8800000000000001
5,Sun,2023-11-05,Arsenal,2.0,2–1,1.5,Manchester City,Meadow Park,Rebecca Welch,2.0,1.0,Home win,1.0,1.2,1.44,1.7200000000000002
5,Sun,2023-11-05,Tottenham,2.0,1–1,1.4,Everton,Gaughan Group Stadium,Emily Heaslip,1.0,1.0,Draw,2.6,1.2,1.3800000000000001,1.2600000000000002
5,Sun,2023-11-05,Liverpool,1.1,2–1,0.2,Leicester City,Prenton Park,Phoebe Cross,2.0,1.0,Home win,1.2,1.2,0.8,0.9000000000000001
5,Sun,2023-11-05,West Ham,1.3,2–3,1.4,Bristol City,Chigwell Construction Stadium,Kirsty Dowle,2.0,3.0,Away win,0.6,1.0,0.52,0.9
5,Sun,2023-11-05,Brighton,1.6,2–2,2.5,Manchester Utd,Broadfield Stadium,Elizabeth Simms,2.0,2.0,Draw,0.4,3.0,0.9800000000000001,2.08
6,Sun,2023-11-12,Manchester Utd,1.8,5–0,0.8,West Ham,Leigh Sports Village Stadium,Phoebe Cross,5.0,0.0,Home win,1.8,1.2,1.58,0.9800000000000001
6,Sun,2023-11-12,Tottenham,1.0,1–1,1.2,Liverpool,Gaughan Group Stadium,Abigail Byrne,1.0,1.0,Draw,2.6,1.2,1.58,0.9
6,Sun,2023-11-12,Manchester City,2.8,0–1,1.0,Brighton,Joie Stadium,Adam Herczeg,0.0,1.0,Away win,3.8,1.6,2.52,1.08
6,Sun,2023-11-12,Everton,0.5,0–3,0.7,Chelsea,Walton Hall Park,Lauren Impey,0.0,3.0,Away win,1.2,3.4,0.8800000000000001,2.8400000000000003
6,Sun,2023-11-12,Bristol City,0.2,0–2,1.1,Aston Villa,Ashton Gate Stadium,Melissa Burgin,0.0,2.0,Away win,0.6,2.2,0.5599999999999999,1.24
6,Sun,2023-11-12,Leicester City,1.0,2–6,6.1,Arsenal,King Power Stadium,Stacey Fullicks,2.0,6.0,Away win,1.6,2.4,1.6199999999999999,2.38
7,Sat,2023-11-18,Chelsea,3.3,5–1,0.5,Liverpool,Stamford Bridge,Kirsty Dowle,5.0,1.0,Home win,3.2,1.4,2.98,0.96
7,Sun,2023-11-19,Everton,2.1,2–2,0.8,Bristol City,Walton Hall Park,Adewunmi Soneye,2.0,2.0,Draw,0.8,1.4,0.8400000000000001,0.96
7,Sun,2023-11-19,Brighton,0.4,0–3,2.4,Arsenal,Broadfield Stadium,Tim Robinson,0.0,3.0,Away win,0.6,2.8,1.1,3.0
7,Sun,2023-11-19,West Ham,1.5,2–3,1.0,Aston Villa,Chigwell Construction Stadium,Keith Stroud,2.0,3.0,Away win,1.0,2.0,0.76,1.1
7,Sun,2023-11-19,Leicester City,0.8,1–1,1.0,Tottenham,King Power Stadium,Andy Madley,1.0,1.0,Draw,1.6,2.0,1.58,1.26
7,Sun,2023-11-19,Manchester Utd,1.5,1–3,1.2,Manchester City,Old Trafford,Cheryl Foster,1.0,3.0,Away win,2.6,1.2,1.8200000000000003,1.7399999999999998
8,Sun,2023-11-26,Bristol City,0.3,0–2,2.1,Manchester Utd,Ashton Gate Stadium,Stacey Fullicks,0.0,2.0,Away win,0.6,2.6,0.54,2.12
8,Sun,2023-11-26,Chelsea,2.1,5–2,1.0,Leicester City,Cherry Red Records Fans Stadium,Megan Wilson,5.0,2.0,Home win,3.0,1.4,2.96,0.82
8,Sun,2023-11-26,Arsenal,0.8,3–0,0.9,West Ham,Meadow Park,Lisa Benn,3.0,0.0,Home win,1.0,0.8,1.64,0.8800000000000001
8,Sun,2023-11-26,Liverpool,3.1,4–0,0.4,Brighton,Prenton Park,Adewunmi Soneye,4.0,0.0,Home win,1.2,1.6,0.8200000000000001,1.1400000000000001
8,Sun,2023-11-26,Aston Villa,1.2,1–2,1.2,Everton,Villa Park,Stacey Pearson,1.0,2.0,Away win,1.6,0.8,1.1,1.0200000000000002
8,Sun,2023-11-26,Manchester City,2.5,7–0,0.6,Tottenham,Joie Stadium,Richie Watkins,7.0,0.0,Home win,2.6,2.2,2.62,1.2399999999999998
9,Sat,2023-12-09,Manchester City,2.1,2–1,0.4,Aston Villa,Joie Stadium,Abigail Byrne,2.0,1.0,Home win,3.2,1.6,2.18,0.8400000000000001
9,Sun,2023-12-10,Arsenal,3.0,4–1,0.8,Chelsea,Emirates Stadium,Rebecca Welch,4.0,1.0,Home win,1.4,3.4,1.42,2.54
9,Sun,2023-12-10,Liverpool,0.8,1–1,0.9,Bristol City,Prenton Park,Stacey Fullicks,1.0,1.0,Draw,1.6,1.4,1.2600000000000002,1.02
9,Sun,2023-12-10,Brighton,2.3,2–2,0.7,Leicester City,Broadfield Stadium,Melissa Burgin,2.0,2.0,Draw,0.6,1.8,1.0,0.9400000000000001
9,Sun,2023-12-10,West Ham,1.1,0–1,0.8,Everton,Chigwell Construction Stadium,Adewunmi Soneye,0.0,1.0,Away win,1.4,1.2,0.9800000000000001,1.1800000000000002
9,Sun,2023-12-10,Tottenham,1.0,0–4,1.1,Manchester Utd,Gaughan Group Stadium,Kirsty Dowle,0.0,4.0,Away win,2.2,2.4,1.4400000000000002,2.2199999999999998
10,Sat,2023-12-16,Tottenham,0.4,1–0,2.5,Arsenal,Tottenham Hotspur Stadium,Cheryl Foster,1.0,0.0,Home win,1.8,2.6,1.4,2.86
10,Sun,2023-12-17,Manchester Utd,1.7,1–2,1.8,Liverpool,Leigh Sports Village Stadium,Lauren Impey,1.0,2.0,Away win,2.2,1.4,1.7000000000000004,0.9199999999999999
10,Sun,2023-12-17,Everton,0.3,1–4,2.0,Manchester City,Walton Hall Park,Stacey Pearson,1.0,4.0,Away win,1.0,1.6,1.2,1.6400000000000001
10,Sun,2023-12-17,Bristol City,0.5,0–3,1.4,Chelsea,Ashton Gate Stadium,Amy Fearn,0.0,3.0,Away win,0.6,2.8,0.58,2.22
10,Sun,2023-12-17,Leicester City,1.6,1–1,1.4,West Ham,King Power Stadium,Abigail Byrne,1.0,1.0,Draw,1.0,0.8,1.48,1.02
10,Sun,2023-12-17,Aston Villa,1.9,1–0,0.3,Brighton,Poundland Bescot Stadium,Emily Heaslip,1.0,0.0,Home win,1.4,1.2,1.2200000000000002,0.9200000000000002
11,Fri,2024-01-19,Leicester City,1.8,0–1,1.1,Aston Villa,Pirelli Stadium,Jane Simms,0.0,1.0,Away win,1.0,1.4,1.3,0.76
11,Sat,2024-01-20,Arsenal,2.4,2–1,0.3,Everton,Meadow Park,Melissa Burgin,2.0,1.0,Home win,2.2,1.0,1.9600000000000002,1.1400000000000001
11,Sun,2024-01-21,Chelsea,1.7,3–1,1.0,Manchester Utd,Stamford Bridge,Abigail Byrne,3.0,1.0,Home win,3.6,3.0,3.0,2.2199999999999998
11,Sun,2024-01-21,Brighton,0.6,3–2,1.3,Bristol City,Broadfield Stadium,Lisa Benn,3.0,2.0,Home win,1.0,1.4,1.24,1.0
11,Sun,2024-01-21,Manchester City,3.0,5–1,0.6,Liverpool,Joie Stadium,Kirsty Dowle,5.0,1.0,Home win,3.0,1.2,2.18,1.04
11,Sun,2024-01-21,West Ham,2.1,3–4,1.8,Tottenham,Chigwell Construction Stadium,Stacey Pearson,3.0,4.0,Away win,1.0,1.8,1.0,1.18
12,Sat,2024-01-27,Brighton,0.2,0–3,2.5,Chelsea,Broadfield Stadium,Amy Fearn,0.0,3.0,Away win,1.6,2.8,1.2,2.04
12,Sun,2024-01-28,Manchester Utd,1.6,2–1,1.4,Aston Villa,Old Trafford,Adewunmi Soneye,2.0,1.0,Home win,2.0,1.6,1.6400000000000001,0.76
12,Sun,2024-01-28,Everton,1.6,0–1,1.2,Leicester City,Walton Hall Park,Cheryl Foster,0.0,1.0,Away win,0.8,2.0,1.02,0.78
12,Sun,2024-01-28,Bristol City,1.0,1–2,1.5,West Ham,Ashton Gate Stadium,Lauren Impey,1.0,2.0,Away win,0.6,0.6,0.48,1.08
12,Sun,2024-01-28,Tottenham,0.3,0–2,1.0,Manchester City,Gaughan Group Stadium,Melissa Burgin,0.0,2.0,Away win,1.2,2.2,1.1,1.8199999999999998
12,Sun,2024-01-28,Liverpool,0.4,0–2,1.5,Arsenal,Prenton Park,Rebecca Welch,0.0,2.0,Away win,1.8,2.6,1.32,2.96
13,Sat,2024-02-03,Aston Villa,3.1,2–2,0.5,Bristol City,Poundland Bescot Stadium,Stacey Pearson,2.0,2.0,Draw,1.0,1.6,1.3400000000000003,0.9
13,Sun,2024-02-04,Manchester Utd,1.1,2–0,0.3,Brighton,Leigh Sports Village Stadium,Megan Wilson,2.0,0.0,Home win,2.0,1.0,1.7200000000000002,0.74
13,Sun,2024-02-04,West Ham,1.1,2–1,1.9,Arsenal,Chigwell Construction Stadium,Melissa Burgin,2.0,1.0,Home win,1.6,2.6,1.3800000000000001,2.9799999999999995
13,Sun,2024-02-04,Manchester City,1.7,2–0,0.1,Leicester City,Joie Stadium,Lisa Benn,2.0,0.0,Home win,3.8,1.4,2.68,0.66
13,Sun,2024-02-04,Liverpool,0.8,1–1,1.5,Tottenham,Prenton Park,Lauren Impey,1.0,1.0,Draw,1.4,2.4,1.24,1.14
13,Sun,2024-02-04,Chelsea,3.5,3–0,0.3,Everton,Cherry Red Records Fans Stadium,Emily Heaslip,3.0,0.0,Home win,3.8,1.2,2.82,0.8600000000000003
14,Fri,2024-02-16,Chelsea,1.8,0–1,1.4,Manchester City,Cherry Red Records Fans Stadium,Abigail Byrne,0.0,1.0,Away win,4.0,2.2,3.04,1.6600000000000001
14,Sat,2024-02-17,Arsenal,3.0,3–1,1.2,Manchester Utd,Emirates Stadium,Kirsty Dowle,3.0,1.0,Home win,2.6,2.8,2.1,1.92
14,Sun,2024-02-18,Brighton,0.3,0–1,1.4,Liverpool,Broadfield Stadium,Amy Fearn,0.0,1.0,Away win,1.4,1.2,1.02,0.96
14,Sun,2024-02-18,Everton,0.6,2–0,0.4,West Ham,Walton Hall Park,Anthony Backhouse,2.0,0.0,Home win,0.6,0.6,1.02,1.1199999999999999
14,Sun,2024-02-18,Tottenham,1.1,1–2,0.9,Aston Villa,Gaughan Group Stadium,Adewunmi Soneye,1.0,2.0,Away win,0.6,1.6,0.9400000000000001,1.0
14,Sun,2024-02-18,Leicester City,3.3,5–2,0.8,Bristol City,King Power Stadium,Stacey Pearson,5.0,2.0,Home win,0.8,2.0,1.26,0.9800000000000001
15,Sat,2024-03-02,Manchester City,2.4,2–1,0.8,Everton,Joie Stadium,Lauren Impey,2.0,1.0,Home win,3.2,1.0,2.42,0.8000000000000002
15,Sun,2024-03-03,Arsenal,1.3,1–0,0.3,Tottenham,Emirates Stadium,Abigail Byrne,1.0,0.0,Home win,2.8,2.0,2.2399999999999998,1.2
15,Sun,2024-03-03,Aston Villa,1.5,1–4,1.3,Liverpool,Poundland Bescot Stadium,Tom Nield,1.0,4.0,Away win,1.2,1.2,1.78,1.1
15,Sun,2024-03-03,Bristol City,1.4,3–7,2.9,Brighton,Ashton Gate Stadium,Adewunmi Soneye,3.0,7.0,Away win,0.4,0.6,0.44000000000000006,0.5
15,Sun,2024-03-03,West Ham,0.9,1–1,2.2,Manchester Utd,Chigwell Construction Stadium,Stephen Parkinson,1.0,1.0,Draw,1.8,2.0,1.42,1.5799999999999998
15,Sun,2024-03-03,Leicester City,0.5,0–4,3.0,Chelsea,King Power Stadium,Phoebe Cross,0.0,4.0,Away win,1.8,3.2,1.7,2.16
16,Fri,2024-03-15,Chelsea,2.9,3–1,0.5,Arsenal,Stamford Bridge,Rebecca Welch,3.0,1.0,Home win,3.2,2.4,2.48,2.88
16,Sat,2024-03-16,Everton,1.1,1–2,0.6,Aston Villa,Walton Hall Park,Phoebe Cross,1.0,2.0,Away win,1.0,1.6,1.02,0.96
16,Sun,2024-03-17,Manchester Utd,0.4,2–0,0.2,Bristol City,Leigh Sports Village Stadium,Elizabeth Simms,2.0,0.0,Home win,2.2,1.8,1.5400000000000003,0.8600000000000001
16,Sun,2024-03-17,Liverpool,2.0,3–1,1.3,West Ham,Prenton Park,Emily Heaslip,3.0,1.0,Home win,1.6,0.6,1.2400000000000002,1.0
16,Sun,2024-03-17,Brighton,0.3,1–4,2.0,Manchester City,Broadfield Stadium,Megan Wilson,1.0,4.0,Away win,1.0,2.2,0.76,1.4200000000000002
16,Sun,2024-03-17,Tottenham,1.1,1–0,1.0,Leicester City,Gaughan Group Stadium,Adewunmi Soneye,1.0,0.0,Home win,0.6,1.2,0.7600000000000001,0.64
17,Sat,2024-03-23,Manchester City,2.3,3–1,1.1,Manchester Utd,Etihad Stadium,Abigail Byrne,3.0,1.0,Home win,3.6,1.8,2.34,1.52
17,Sun,2024-03-24,Everton,0.4,0–0,0.5,Liverpool,Goodison Park,Kirsty Dowle,0.0,0.0,Draw,1.2,1.8,1.14,1.12
17,Sun,2024-03-24,Bristol City,0.2,0–1,1.8,Tottenham,Ashton Gate Stadium,Phoebe Cross,0.0,1.0,Away win,0.8,1.2,0.6799999999999999,1.04
17,Sun,2024-03-24,Leicester City,1.4,2–3,1.5,Brighton,King Power Stadium,Cheryl Foster,2.0,3.0,Away win,1.4,1.6,1.5999999999999999,0.9800000000000001
17,Sun,2024-03-24,West Ham,1.2,0–2,1.3,Chelsea,Chigwell Construction Stadium,Megan Wilson,0.0,2.0,Away win,1.6,2.8,1.34,1.6800000000000002
17,Sun,2024-03-24,Aston Villa,0.2,1–3,4.0,Arsenal,Villa Park,Stacey Pearson,1.0,3.0,Away win,1.0,1.4,1.6800000000000002,1.7600000000000002
18,Sat,2024-03-30,Liverpool,0.5,1–4,1.2,Manchester City,Prenton Park,Phoebe Cross,1.0,4.0,Away win,1.8,2.8,1.42,1.52
18,Sat,2024-03-30,Aston Villa,1.5,2–2,1.1,Leicester City,Poundland Bescot Stadium,Elizabeth Simms,2.0,2.0,Draw,1.2,1.0,1.5800000000000003,0.8
18,Sun,2024-03-31,Manchester Utd,2.2,4–1,0.3,Everton,Leigh Sports Village Stadium,Lauren Impey,4.0,1.0,Home win,1.6,1.0,1.2600000000000002,0.6800000000000002
18,Sun,2024-03-31,West Ham,0.5,0–0,0.5,Brighton,Chigwell Construction Stadium,Kirsty Dowle,0.0,0.0,Draw,1.2,2.0,1.28,1.08
18,Sun,2024-04-14,Arsenal,3.3,5–0,0.5,Bristol City,Meadow Park,Lisa Benn,5.0,0.0,Home win,2.6,1.4,2.1,0.74
19,Wed,2024-04-17,Chelsea,2.7,3–0,0.2,Aston Villa,Cherry Red Records Fans Stadium,Melissa Burgin,3.0,0.0,Home win,2.8,1.4,2.4,0.8800000000000001
19,Fri,2024-04-19,Brighton,1.1,1–2,0.2,Everton,The American Express Community Stadium,Kirsty Dowle,1.0,2.0,Away win,1.2,0.8,0.74,0.5000000000000002
19,Sat,2024-04-20,Bristol City,0.5,0–1,0.6,Liverpool,Ashton Gate Stadium,Phoebe Cross,0.0,1.0,Away win,0.8,1.6,0.6799999999999999,1.1199999999999999
19,Sun,2024-04-21,Manchester Utd,1.4,2–2,1.0,Tottenham,Leigh Sports Village Stadium,Rebecca Welch,2.0,2.0,Draw,2.2,1.2,1.4000000000000004,1.2
19,Sun,2024-04-21,Arsenal,2.8,3–0,0.6,Leicester City,Emirates Stadium,Adewunmi Soneye,3.0,0.0,Home win,3.0,1.0,2.6,0.82
19,Sun,2024-04-21,Manchester City,2.7,5–0,1.0,West Ham,Joie Stadium,Abigail Byrne,5.0,0.0,Home win,2.8,0.8,2.3,1.1
20,Sun,2024-04-28,Everton,0.5,1–1,2.3,Arsenal,Walton Hall Park,Phoebe Cross,1.0,1.0,Draw,0.8,1.4,0.8,2.08
20,Sun,2024-04-28,Tottenham,1.5,1–1,1.6,Brighton,Gaughan Group Stadium,Melissa Burgin,1.0,1.0,Draw,0.6,2.0,0.78,1.1
20,Sun,2024-04-28,Aston Villa,1.0,1–1,0.8,West Ham,Villa Park,Emily Heaslip,1.0,1.0,Draw,1.4,0.8,1.6400000000000001,1.12
20,Sun,2024-04-28,Leicester City,0.8,0–1,1.9,Manchester Utd,King Power Stadium,Megan Wilson,0.0,1.0,Away win,1.6,1.6,1.72,1.3199999999999998
20,Sun,2024-04-28,Bristol City,0.1,0–4,3.7,Manchester City,Ashton Gate Stadium,Cheryl Foster,0.0,4.0,Away win,0.8,3.0,0.72,1.52
20,Wed,2024-05-01,Liverpool,1.5,4–3,2.5,Chelsea,Prenton Park,Lisa Benn,4.0,3.0,Home win,1.2,2.6,0.9,1.8
21,Sat,2024-05-04,Everton,1.2,2–2,4.2,Tottenham,Walton Hall Park,Lauren Impey,2.0,2.0,Draw,0.8,1.6,0.8400000000000001,1.2799999999999998
21,Sat,2024-05-04,Brighton,0.5,0–1,1.1,Aston Villa,Broadfield Stadium,Elizabeth Simms,0.0,1.0,Away win,1.0,1.2,0.5,0.8399999999999999
21,Sun,2024-05-05,Liverpool,2.9,1–0,0.9,Manchester Utd,Prenton Park,Melissa Burgin,1.0,0.0,Home win,1.8,1.0,1.04,1.48
21,Sun,2024-05-05,Manchester City,1.3,1–2,2.2,Arsenal,Joie Stadium,Rebecca Welch,1.0,2.0,Away win,3.4,1.6,2.42,2.04
21,Sun,2024-05-05,West Ham,0.7,1–1,0.9,Leicester City,Chigwell Construction Stadium,Abigail Byrne,1.0,1.0,Draw,1.2,0.6,1.1600000000000001,0.8
21,Sun,2024-05-05,Chelsea,5.0,8–0,1.9,Bristol City,Cherry Red Records Fans Stadium,Stacey Fullicks,8.0,0.0,Home win,2.4,1.2,2.52,0.66
18,Wed,2024-05-15,Tottenham,0.6,0–1,2.2,Chelsea,Gaughan Group Stadium,Emily Heaslip,0.0,1.0,Away win,0.8,3.0,0.8800000000000001,2.1399999999999997
22,Sat,2024-05-18,Aston Villa,1.0,1–2,4.1,Manchester City,Villa Park,Kirsty Dowle,1.0,2.0,Away win,1.4,3.0,1.4600000000000002,1.86
22,Sat,2024-05-18,Bristol City,0.2,0–4,2.2,Everton,Ashton Gate Stadium,Grace Lowe,0.0,4.0,Away win,0.8,1.0,0.6399999999999999,0.38000000000000017
22,Sat,2024-05-18,Tottenham,1.2,3–1,0.7,West Ham,Tottenham Hotspur Stadium,Phoebe Cross,3.0,1.0,Home win,0.6,0.8,0.9200000000000002,1.0
22,Sat,2024-05-18,Arsenal,3.3,5–0,0.9,Brighton,Meadow Park,Lauren Impey,5.0,0.0,Home win,2.8,2.2,2.56,1.3599999999999999
22,Sat,2024-05-18,Manchester Utd,0.5,0–6,3.8,Chelsea,Old Trafford,Rebecca Welch,0.0,6.0,Away win,2.4,2.6,1.3400000000000003,2.3
22,Sat,2024-05-18,Leicester City,0.8,0–4,1.7,Liverpool,King Power Stadium,Constantine Hatzidakis,0.0,4.0,Away win,1.4,1.4,1.56,0.8799999999999999
1,Fri,2024-09-20,Chelsea,1.1,1–0,0.9,Aston Villa,Cherry Red Records Fans Stadium,Kirsty Dowle,1.0,0.0,Home win,3.4,1.2,3.18,0.8400000000000001
1,Sat,2024-09-21,Manchester Utd,1.2,3–0,0.9,West Ham,Old Trafford,Cheryl Foster,3.0,0.0,Home win,2.0,0.6,1.1200000000000003,0.8400000000000001
1,Sat,2024-09-21,Brighton,2.1,4–0,0.5,Everton,Broadfield Stadium,Lauren Impey,4.0,0.0,Home win,0.4,1.6,0.48,0.7600000000000001
1,Sun,2024-09-22,Arsenal,2.2,2–2,1.4,Manchester City,Emirates Stadium,Abigail Byrne,2.0,2.0,Draw,3.4,3.0,2.7399999999999998,2.48
1,Sun,2024-09-22,Liverpool,1.4,1–1,0.2,Leicester City,Totally Wicked Stadium,Adewunmi Soneye,1.0,1.0,Draw,2.0,0.6,1.5399999999999998,0.74
1,Sun,2024-09-22,Tottenham,4.1,4–0,0.3,Crystal Palace,Gaughan Group Stadium,Amy Fearn,4.0,0.0,Home win,1.2,0.0,1.1,0.0
2,Fri,2024-09-27,Crystal Palace,0.3,0–7,2.8,Chelsea,Selhurst Park,Emily Heaslip,0.0,7.0,Away win,0.0,3.2,0.0,2.56
2,Sun,2024-09-29,Manchester City,3.0,1–0,0.8,Brighton,Joie Stadium,Stacey Pearson,1.0,0.0,Home win,2.6,2.2,2.08,1.48
2,Sun,2024-09-29,Everton,0.7,0–1,1.1,Manchester Utd,Walton Hall Park,Kirsty Dowle,0.0,1.0,Away win,1.2,0.8,0.76,1.4600000000000002
2,Sun,2024-09-29,West Ham,0.7,1–1,1.5,Liverpool,Chigwell Construction Stadium,Abigail Byrne,1.0,1.0,Draw,0.8,2.0,0.8800000000000001,1.1
2,Sun,2024-09-29,Leicester City,0.4,0–1,1.4,Arsenal,King Power Stadium,Elizabeth Simms,0.0,1.0,Away win,1.4,1.6,1.3599999999999999,2.18
2,Sun,2024-09-29,Aston Villa,1.9,2–2,1.3,Tottenham,Villa Park,Elliot Bell,2.0,2.0,Draw,1.2,1.2,1.0400000000000003,1.7600000000000002
3,Sat,2024-10-05,Brighton,2.5,4–2,2.3,Aston Villa,Broadfield Stadium,Ryan Atkin,4.0,2.0,Home win,1.2,1.0,0.8600000000000001,0.74
3,Sun,2024-10-06,Manchester City,2.6,2–0,0.5,West Ham,Joie Stadium,Jane Simms,2.0,0.0,Home win,2.4,0.6,2.34,0.9400000000000001
3,Sun,2024-10-06,Arsenal,0.7,0–0,0.1,Everton,Emirates Stadium,Stacey Pearson,0.0,0.0,Draw,3.2,1.6,2.58,0.8000000000000002
3,Sun,2024-10-06,Tottenham,0.9,2–3,1.5,Liverpool,Gaughan Group Stadium,Kirsty Dowle,2.0,3.0,Away win,1.8,2.0,1.7,1.1199999999999999
3,Sun,2024-10-06,Leicester City,1.6,0–2,1.2,Crystal Palace,King Power Stadium,Stephen Parkinson,0.0,2.0,Away win,0.4,0.0,0.7799999999999999,0.3
4,Sat,2024-10-12,Arsenal,2.6,1–2,1.1,Chelsea,Emirates Stadium,Cheryl Foster,1.0,2.0,Away win,3.0,3.8,2.46,2.5200000000000005
4,Sun,2024-10-13,Manchester Utd,1.8,3–0,1.1,Tottenham,Leigh Sports Village Stadium,Lisa Benn,3.0,0.0,Home win,2.2,1.4,1.1400000000000001,1.72
4,Sun,2024-10-13,Everton,1.4,1–1,1.0,West Ham,Walton Hall Park,Richie Watkins,1.0,1.0,Draw,0.8,0.4,0.78,0.78
4,Sun,2024-10-13,Aston Villa,1.2,0–0,0.6,Leicester City,Villa Park,Steve Martin,0.0,0.0,Draw,1.4,0.8,1.12,0.76
4,Sun,2024-10-13,Crystal Palace,1.0,0–1,1.3,Brighton,VBS Community Stadium,Kirsty Dowle,0.0,1.0,Away win,0.0,0.8,0.3,1.06
4,Sun,2024-10-13,Liverpool,0.4,1–2,1.5,Manchester City,Anfield,Stacey Fullicks,1.0,2.0,Away win,2.0,3.2,1.6600000000000001,2.48
5,Sat,2024-10-19,Brighton,1.1,1–1,1.2,Manchester Utd,The American Express Stadium,Stacey Fullicks,1.0,1.0,Draw,2.0,0.8,1.3,1.44
5,Sun,2024-10-20,Manchester City,1.7,2–1,0.2,Aston Villa,Joie Stadium,Kirsty Dowle,2.0,1.0,Home win,2.4,1.0,2.38,1.02
5,Sun,2024-10-20,Liverpool,1.5,1–1,2.0,Crystal Palace,Totally Wicked Stadium,Amy Fearn,1.0,1.0,Draw,1.6,1.0,1.34,0.75
5,Sun,2024-10-20,Leicester City,0.8,1–0,1.6,Everton,King Power Stadium,Tom Nield,1.0,0.0,Home win,0.4,1.4,1.0,0.6600000000000001
5,Sun,2024-10-20,West Ham,0.5,0–2,1.6,Arsenal,Chigwell Construction Stadium,Thomas Parsons,0.0,2.0,Away win,0.6,1.6,0.8,2.08
5,Sun,2024-10-20,Chelsea,2.1,5–2,0.4,Tottenham,Cherry Red Records Fans Stadium,Emily Heaslip,5.0,2.0,Home win,3.0,1.4,2.7,1.8799999999999997
6,Sun,2024-11-03,Manchester Utd,1.1,1–1,1.9,Arsenal,Leigh Sports Village Stadium,Kirsty Dowle,1.0,1.0,Draw,2.4,1.8,1.4200000000000002,2.3
6,Sun,2024-11-03,Crystal Palace,0.4,0–3,3.0,Manchester City,Selhurst Park,Lisa Benn,0.0,3.0,Away win,0.0,2.8,0.65,2.38
6,Sun,2024-11-03,Brighton,1.6,1–0,0.1,Leicester City,Broadfield Stadium,Adewunmi Soneye,1.0,0.0,Home win,2.0,0.8,1.46,0.68
6,Sun,2024-11-03,Tottenham,1.9,2–1,0.8,West Ham,Gaughan Group Stadium,Melissa Burgin,2.0,1.0,Home win,2.0,0.6,1.6599999999999997,0.78
6,Sun,2024-11-03,Aston Villa,0.6,1–2,0.6,Liverpool,Villa Park,Phoebe Cross,1.0,2.0,Away win,1.2,1.8,1.32,1.16
6,Sun,2024-11-03,Everton,0.3,0–5,3.6,Chelsea,Goodison Park,Stacey Fullicks,0.0,5.0,Away win,0.8,3.8,0.8400000000000001,2.48
7,Fri,2024-11-08,Arsenal,2.8,5–0,0.4,Brighton,Emirates Stadium,Amy Fearn,5.0,0.0,Home win,2.2,0.4,2.3200000000000003,1.02
7,Fri,2024-11-08,Manchester City,3.3,4–0,0.6,Tottenham,Etihad Stadium,Unknown,4.0,0.0,Home win,2.2,1.6,2.2600000000000002,1.6
7,Sun,2024-11-10,Liverpool,0.4,0–3,2.8,Chelsea,Totally Wicked Stadium,Lisa Benn,0.0,3.0,Away win,1.6,4.2,1.5399999999999998,2.7
7,Sun,2024-11-10,Crystal Palace,1.8,1–1,0.9,Everton,VBS Community Stadium,Kirsty Dowle,1.0,1.0,Draw,0.0,1.2,0.5666666666666668,0.9200000000000003
7,Sun,2024-11-10,West Ham,1.4,1–0,0.3,Leicester City,Chigwell Construction Stadium,Elizabeth Simms,1.0,0.0,Home win,0.4,0.4,0.72,0.48
7,Sun,2024-11-10,Manchester Utd,0.5,0–0,1.9,Aston Villa,Leigh Sports Village Stadium,Melissa Burgin,0.0,0.0,Draw,1.8,0.8,1.2,0.9400000000000001
8,Sat,2024-11-16,Brighton,1.1,3–2,2.5,West Ham,The American Express Stadium,Lisa Benn,3.0,2.0,Home win,2.0,0.6,1.56,0.7799999999999999
8,Sat,2024-11-16,Tottenham,0.1,0–3,1.9,Arsenal,Tottenham Hotspur Stadium,Emily Heaslip,0.0,3.0,Away win,2.2,1.4,1.7399999999999998,1.8800000000000001
8,Sat,2024-11-16,Chelsea,1.0,2–0,0.7,Manchester City,Stamford Bridge,Melissa Burgin,2.0,0.0,Home win,4.0,2.6,2.7600000000000002,2.74
8,Sun,2024-11-17,Aston Villa,1.3,3–2,1.3,Crystal Palace,Villa Park,Grace Lowe,3.0,2.0,Home win,1.0,1.0,1.1400000000000001,1.1666666666666667
8,Sun,2024-11-17,Leicester City,0.4,0–2,2.1,Manchester Utd,King Power Stadium,Stacey Fullicks,0.0,2.0,Away win,0.2,0.8,0.8799999999999999,1.24
8,Sun,2024-11-17,Everton,0.9,1–0,1.6,Liverpool,Goodison Park,Abigail Byrne,1.0,0.0,Home win,0.8,2.2,0.82,1.18
3,Sun,2024-11-24,Chelsea,2.1,1–0,0.2,Manchester Utd,Cherry Red Records Fans Stadium,Emily Heaslip,1.0,0.0,Home win,3.8,1.0,2.3800000000000003,1.44
9,Sun,2024-12-08,Manchester Utd,2.1,4–0,0.6,Liverpool,Leigh Sports Village Stadium,Stacey Fullicks,4.0,0.0,Home win,1.4,2.0,1.0200000000000002,1.3800000000000001
9,Sun,2024-12-08,Manchester City,1.5,4–0,0.7,Leicester City,Joie Stadium,Emily Heaslip,4.0,0.0,Home win,2.0,0.4,2.38,0.42000000000000004
9,Sun,2024-12-08,Tottenham,2.9,2–1,0.6,Everton,Gaughan Group Stadium,Amy Fearn,2.0,1.0,Home win,2.2,1.0,1.64,1.06
9,Sun,2024-12-08,Chelsea,4.2,4–2,2.8,Brighton,Cherry Red Records Fans Stadium,Unknown,4.0,2.0,Home win,3.4,0.4,2.2600000000000002,1.0
9,Sun,2024-12-08,Arsenal,3.1,4–0,0.4,Aston Villa,Emirates Stadium,Abigail Byrne,4.0,0.0,Home win,2.6,0.8,2.32,1.28
9,Sun,2024-12-08,West Ham,2.9,5–2,0.5,Crystal Palace,Chigwell Construction Stadium,Lisa Benn,5.0,2.0,Home win,0.6,1.25,0.76,1.2
10,Sat,2024-12-14,Leicester City,0.4,1–1,1.9,Chelsea,King Power Stadium,Kirsty Dowle,1.0,1.0,Draw,0.2,4.6,0.8,2.8200000000000003
10,Sat,2024-12-14,Brighton,1.1,1–1,1.2,Tottenham,Broadfield Stadium,Lisa Benn,1.0,1.0,Draw,2.6,1.2,1.6800000000000002,1.52
10,Sun,2024-12-15,Everton,1.4,2–1,3.1,Manchester City,Walton Hall Park,Cheryl Foster,2.0,1.0,Home win,0.8,1.8,0.9,2.1399999999999997
10,Sun,2024-12-15,Crystal Palace,0.2,0–1,2.1,Manchester Utd,VBS Community Stadium,Amy Fearn,0.0,1.0,Away win,0.25,0.8,0.875,1.1
10,Sun,2024-12-15,Aston Villa,2.2,3–1,1.2,West Ham,Villa Park,Grace Lowe,3.0,1.0,Home win,1.4,0.8,1.2,1.14
10,Sun,2024-12-15,Liverpool,0.2,0–1,2.1,Arsenal,Totally Wicked Stadium,Melissa Burgin,0.0,1.0,Away win,0.8,1.8,1.3199999999999998,1.8
11,Fri,2025-01-17,Liverpool,0.0,0,0.0,Brighton,Totally Wicked Stadium,Unknown,0.0,0.0,0,0.6,0.6,0.78,1.2399999999999998
11,Sat,2025-01-18,Everton,0.0,0,0.0,Aston Villa,Walton Hall Park,Unknown,0.0,0.0,0,0.8,0.6,0.9399999999999998,1.14
11,Sun,2025-01-19,Tottenham,0.0,0,0.0,Leicester City,Gaughan Group Stadium,Unknown,0.0,0.0,0,2.0,0.2,1.9799999999999998,0.38
11,Sun,2025-01-19,Arsenal,0.0,0,0.0,Crystal Palace,Meadow Park,Unknown,0.0,0.0,0,2.4,1.4,2.2800000000000002,1.06
11,Sun,2025-01-19,West Ham,0.0,0,0.0,Chelsea,Chigwell Construction Stadium,Unknown,0.0,0.0,0,1.6,3.6,1.2399999999999998,2.44
11,Sun,2025-01-19,Manchester City,0.0,0,0.0,Manchester Utd,Etihad Stadium,Unknown,0.0,0.0,0,2.6,1.0,2.4199999999999995,1.3399999999999999
12,Sat,2025-01-25,Aston Villa,0.0,0,0.0,Manchester City,Villa Park,Unknown,0.0,0.0,0,1.8,1.6,1.4400000000000002,1.9400000000000002
12,Sun,2025-01-26,Chelsea,0.0,0,0.0,Arsenal,Stamford Bridge,Unknown,0.0,0.0,0,2.6,1.6,2.1,1.78
12,Sun,2025-01-26,Crystal Palace,0.0,0,0.0,Tottenham,VBS Community Stadium,Unknown,0.0,0.0,0,0.2,1.0,0.74,0.9199999999999999
12,Sun,2025-01-26,Leicester City,0.0,0,0.0,Liverpool,King Power Stadium,Unknown,0.0,0.0,0,0.4,1.2,0.72,1.16
12,Sun,2025-01-26,West Ham,0.0,0,0.0,Everton,Chigwell Construction Stadium,Unknown,0.0,0.0,0,1.4,0.4,1.1,0.7400000000000001
12,Sun,2025-01-26,Manchester Utd,0.0,0,0.0,Brighton,Leigh Sports Village Stadium,Unknown,0.0,0.0,0,2.2,0.6,1.3400000000000003,1.0599999999999998
13,Sun,2025-02-02,Manchester City,0.0,0,0.0,Arsenal,Joie Stadium,Unknown,0.0,0.0,0,2.4,1.4,1.8199999999999996,1.5
13,Sun,2025-02-02,Brighton,0.0,0,0.0,Crystal Palace,Broadfield Stadium,Unknown,0.0,0.0,0,2.0,1.4,1.48,1.0
13,Sun,2025-02-02,Everton,0.0,0,0.0,Leicester City,Walton Hall Park,Unknown,0.0,0.0,0,0.8,0.0,0.7999999999999999,0.34
13,Sun,2025-02-02,Liverpool,0.0,0,0.0,West Ham,Totally Wicked Stadium,Unknown,0.0,0.0,0,0.4,1.0,0.5,1.1999999999999997
13,Sun,2025-02-02,Aston Villa,0.0,0,0.0,Chelsea,Villa Park,Unknown,0.0,0.0,0,1.4,2.2,1.06,1.8799999999999997
13,Sun,2025-02-02,Tottenham,0.0,0,0.0,Manchester Utd,Tottenham Hotspur Stadium,Unknown,0.0,0.0,0,1.2,0.8,1.16,1.1199999999999999
14,Sun,2025-02-16,Manchester Utd,0.0,0,0.0,Crystal Palace,Leigh Sports Village Stadium,Unknown,0.0,0.0,0,1.6,1.0,1.1,0.76
14,Sun,2025-02-16,Manchester City,0.0,0,0.0,Liverpool,Joie Stadium,Unknown,0.0,0.0,0,2.0,1.0,1.2999999999999998,0.86
14,Sun,2025-02-16,Arsenal,0.0,0,0.0,Tottenham,Emirates Stadium,Unknown,0.0,0.0,0,2.0,0.6,1.8399999999999999,0.6599999999999999
14,Sun,2025-02-16,Chelsea,0.0,0,0.0,Everton,Cherry Red Records Fans Stadium,Unknown,0.0,0.0,0,2.4,0.4,1.8800000000000001,0.6400000000000001
14,Sun,2025-02-16,Leicester City,0.0,0,0.0,Aston Villa,King Power Stadium,Unknown,0.0,0.0,0,0.4,0.6,0.6399999999999999,0.96
14,Sun,2025-02-16,West Ham,0.0,0,0.0,Brighton,Chigwell Construction Stadium,Unknown,0.0,0.0,0,1.2,0.6,0.9600000000000002,0.9
15,Sun,2025-03-02,Tottenham,0.0,0,0.0,Manchester City,0,Unknown,0.0,0.0,0,0.8,1.2,0.9799999999999999,1.6600000000000001
15,Sun,2025-03-02,Brighton,0.0,0,0.0,Chelsea,0,Unknown,0.0,0.0,0,1.2,1.8,0.9800000000000001,1.6599999999999997
15,Sun,2025-03-02,Crystal Palace,0.0,0,0.0,Liverpool,0,Unknown,0.0,0.0,0,0.2,0.4,0.68,0.56
15,Sun,2025-03-02,Aston Villa,0.0,0,0.0,Everton,0,Unknown,0.0,0.0,0,1.4,0.4,0.8200000000000003,0.6200000000000001
15,Sun,2025-03-02,Arsenal,0.0,0,0.0,West Ham,0,Unknown,0.0,0.0,0,2.0,1.0,1.7,1.0999999999999999
15,Sun,2025-03-02,Manchester Utd,0.0,0,0.0,Leicester City,0,Unknown,0.0,0.0,0,1.0,0.0,0.7400000000000002,0.22000000000000003
16,Sun,2025-03-16,Chelsea,0.0,0,0.0,Leicester City,0,Unknown,0.0,0.0,0,1.4,0.0,1.46,0.19999999999999998
16,Sun,2025-03-16,West Ham,0.0,0,0.0,Manchester City,0,Unknown,0.0,0.0,0,1.2,0.8,0.8600000000000001,1.36
16,Sun,2025-03-16,Everton,0.0,0,0.0,Arsenal,0,Unknown,0.0,0.0,0,0.6,1.0,0.5199999999999999,1.1800000000000002
16,Sun,2025-03-16,Crystal Palace,0.0,0,0.0,Aston Villa,0,Unknown,0.0,0.0,0,0.2,0.2,0.4800000000000001,0.5
16,Sun,2025-03-16,Tottenham,0.0,0,0.0,Brighton,0,Unknown,0.0,0.0,0,0.4,0.4,0.6,0.6399999999999999
16,Sun,2025-03-16,Liverpool,0.0,0,0.0,Manchester Utd,0,Unknown,0.0,0.0,0,0.2,0.6,0.42000000000000004,0.8800000000000001
17,Sun,2025-03-23,Manchester City,0.0,0,0.0,Chelsea,0,Unknown,0.0,0.0,0,1.6,0.8,0.96,0.9399999999999998
17,Sun,2025-03-23,Leicester City,0.0,0,0.0,Brighton,0,Unknown,0.0,0.0,0,0.4,0.4,0.31999999999999995,0.5599999999999999
17,Sun,2025-03-23,Aston Villa,0.0,0,0.0,Manchester Utd,0,Unknown,0.0,0.0,0,1.2,0.2,0.7000000000000002,0.4600000000000001
17,Sun,2025-03-23,Arsenal,0.0,0,0.0,Liverpool,0,Unknown,0.0,0.0,0,1.8,0.0,1.1800000000000002,0.44000000000000006
17,Sun,2025-03-23,West Ham,0.0,0,0.0,Tottenham,0,Unknown,0.0,0.0,0,1.0,0.6,0.58,0.43999999999999984
17,Sun,2025-03-23,Everton,0.0,0,0.0,Crystal Palace,0,Unknown,0.0,0.0,0,0.6,0.8,0.45999999999999996,0.36
18,Sun,2025-03-30,Crystal Palace,0.0,0,0.0,Arsenal,0,Unknown,0.0,0.0,0,0.2,0.8,0.39999999999999997,0.7999999999999999
18,Sun,2025-03-30,Leicester City,0.0,0,0.0,Tottenham,0,Unknown,0.0,0.0,0,0.2,0.2,0.15999999999999992,0.35999999999999976
18,Sun,2025-03-30,Manchester Utd,0.0,0,0.0,Everton,0,Unknown,0.0,0.0,0,0.8,0.4,0.5200000000000002,0.3000000000000001
18,Sun,2025-03-30,Chelsea,0.0,0,0.0,West Ham,0,Unknown,0.0,0.0,0,1.0,0.8,1.26,0.8999999999999998
18,Sun,2025-03-30,Brighton,0.0,0,0.0,Manchester City,0,Unknown,0.0,0.0,0,1.0,0.2,0.76,0.7600000000000002
18,Sun,2025-03-30,Liverpool,0.0,0,0.0,Aston Villa,0,Unknown,0.0,0.0,0,0.0,0.0,0.12000000000000002,0.45999999999999996
19,Sun,2025-04-20,West Ham,0.0,0,0.0,Manchester Utd,0,Unknown,0.0,0.0,0,0.0,0.2,0.0,0.42000000000000004
19,Sun,2025-04-20,Manchester City,0.0,0,0.0,Everton,0,Unknown,0.0,0.0,0,0.8,0.2,0.3,0.12000000000000008
19,Sun,2025-04-20,Arsenal,0.0,0,0.0,Leicester City,0,Unknown,0.0,0.0,0,0.8,0.0,0.62,0.13999999999999999
19,Sun,2025-04-20,Tottenham,0.0,0,0.0,Aston Villa,0,Unknown,0.0,0.0,0,0.4,0.0,0.58,0.08
19,Sun,2025-04-20,Brighton,0.0,0,0.0,Liverpool,0,Unknown,0.0,0.0,0,0.8,0.0,0.44000000000000006,0.12
19,Sun,2025-04-20,Chelsea,0.0,0,0.0,Crystal Palace,0,Unknown,0.0,0.0,0,0.8,0.4,0.8399999999999999,0.1
20,Sun,2025-04-27,Liverpool,0.0,0,0.0,Tottenham,0,Unknown,0.0,0.0,0,0.0,0.2,0.04,0.23999999999999982
20,Sun,2025-04-27,Manchester Utd,0.0,0,0.0,Chelsea,0,Unknown,0.0,0.0,0,0.8,0.2,0.4200000000000002,0.38
20,Sun,2025-04-27,Crystal Palace,0.0,0,0.0,West Ham,0,Unknown,0.0,0.0,0,0.0,0.6,0.04,0.7399999999999999
20,Sun,2025-04-27,Leicester City,0.0,0,0.0,Manchester City,0,Unknown,0.0,0.0,0,0.2,0.2,0.07999999999999992,0.6200000000000003
20,Sun,2025-04-27,Everton,0.0,0,0.0,Brighton,0,Unknown,0.0,0.0,0,0.4,0.0,0.27999999999999997,0.0
20,Sun,2025-04-27,Aston Villa,0.0,0,0.0,Arsenal,0,Unknown,0.0,0.0,0,0.6,0.2,0.4400000000000002,0.42000000000000004
21,Sun,2025-05-04,West Ham,0.0,0,0.0,Aston Villa,0,Unknown,0.0,0.0,0,0.0,0.0,0.0,0.0
21,Sun,2025-05-04,Tottenham,0.0,0,0.0,Chelsea,0,Unknown,0.0,0.0,0,0.0,0.0,0.0,0.0
21,Sun,2025-05-04,Manchester Utd,0.0,0,0.0,Manchester City,0,Unknown,0.0,0.0,0,0.0,0.0,0.0,0.0
21,Sun,2025-05-04,Liverpool,0.0,0,0.0,Everton,0,Unknown,0.0,0.0,0,0.0,0.0,0.0,0.0
21,Sun,2025-05-04,Crystal Palace,0.0,0,0.0,Leicester City,0,Unknown,0.0,0.0,0,0.0,0.0,0.0,0.0
21,Sun,2025-05-04,Brighton,0.0,0,0.0,Arsenal,0,Unknown,0.0,0.0,0,0.2,0.0,0.22000000000000003,0.0
22,Sun,2025-05-11,Manchester City,0.0,0,0.0,Crystal Palace,0,Unknown,0.0,0.0,0,0.0,0.0,0.0,0.0
22,Sun,2025-05-11,Chelsea,0.0,0,0.0,Liverpool,0,Unknown,0.0,0.0,0,0.0,0.0,0.0,0.0
22,Sun,2025-05-11,Aston Villa,0.0,0,0.0,Brighton,0,Unknown,0.0,0.0,0,0.0,0.0,0.0,0.0
22,Sun,2025-05-11,Everton,0.0,0,0.0,Tottenham,0,Unknown,0.0,0.0,0,0.0,0.0,0.0,0.0
22,Sun,2025-05-11,Leicester City,0.0,0,0.0,West Ham,0,Unknown,0.0,0.0,0,0.0,0.2,0.0,0.2399999999999999
22,Sun,2025-05-11,Arsenal,0.0,0,0.0,Manchester Utd,0,Unknown,0.0,0.0,0,0.0,0.0,0.0,0.0
